,N,N_poles,Vision,Grid_positions,Grid_open,run,Average_lifespan,Percentage_failed,Total_attempts,Usage,Width,Height,Initial_bravery,Battery_size
0,100,0.1,1,LHS,True,0,1979.881188118812,0.6207165109034268,1284,0.35600000000000004,80,80,10,75
1,100,0.1,1,LHS,False,1,1952.2376237623762,0.5131995776135164,947,0.32775,80,80,10,75
2,100,0.1,1,circle,True,2,2374.910891089109,0.2655654383735705,787,0.30818181818181817,80,80,10,75
3,100,0.1,1,circle,False,3,2358.3267326732675,0.3057553956834532,834,0.29772727272727273,80,80,10,75
4,100,0.1,2,LHS,True,4,2257.1782178217823,0.6308411214953271,1498,0.38075,80,80,10,75
5,100,0.1,2,LHS,False,5,2164.1782178217823,0.5492091388400703,1138,0.3,80,80,10,75
6,100,0.1,2,circle,True,6,2421.1485148514853,0.31211750305997554,817,0.31795454545454543,80,80,10,75
7,100,0.1,2,circle,False,7,2408.4356435643563,0.32363213038416766,859,0.325,80,80,10,75
8,100,0.125,1,LHS,True,8,2266.6039603960394,0.3609865470852018,892,0.2754166666666667,80,80,10,75
9,100,0.125,1,LHS,False,9,2252.841584158416,0.35472154963680386,826,0.2591666666666667,80,80,10,75
10,100,0.125,1,circle,True,10,2430.5148514851485,0.25375,800,0.24519230769230768,80,80,10,75
11,100,0.125,1,circle,False,11,2452.227722772277,0.16963064295485636,731,0.22288461538461538,80,80,10,75
12,100,0.125,2,LHS,True,12,2367.6732673267325,0.42330677290836655,1004,0.3189583333333333,80,80,10,75
13,100,0.125,2,LHS,False,13,2297.5247524752476,0.40022296544035674,897,0.281875,80,80,10,75
14,100,0.125,2,circle,True,14,2460.8118811881186,0.28376703841387857,807,0.25961538461538464,80,80,10,75
15,100,0.125,2,circle,False,15,2451.7227722772277,0.3170731707317073,820,0.2467307692307692,80,80,10,75
16,100,0.16666666666666666,1,LHS,True,16,2326.4950495049507,0.3333333333333333,903,0.20484375,80,80,10,75
17,100,0.16666666666666666,1,LHS,False,17,2363.5445544554455,0.33451118963486454,849,0.1965625,80,80,10,75
18,100,0.16666666666666666,1,circle,True,18,2466.128712871287,0.2140077821011673,771,0.16044117647058823,80,80,10,75
19,100,0.16666666666666666,1,circle,False,19,2430.6732673267325,0.084375,640,0.19955882352941176,80,80,10,75
20,100,0.16666666666666666,2,LHS,True,20,2408.732673267327,0.26022304832713755,807,0.19343749999999998,80,80,10,75
21,100,0.16666666666666666,2,LHS,False,21,2413.7821782178216,0.3719704952581665,949,0.1746875,80,80,10,75
22,100,0.16666666666666666,2,circle,True,22,2473.891089108911,0.09748892171344166,677,0.21426470588235297,80,80,10,75
23,100,0.16666666666666666,2,circle,False,23,2495.3267326732675,0.12553495007132667,701,0.20794117647058818,80,80,10,75
24,100,0.25,1,LHS,True,24,2432.019801980198,0.2336448598130841,749,0.11190000000000001,80,80,10,75
25,100,0.25,1,LHS,False,25,2436.227722772277,0.17963224893917965,707,0.1263,80,80,10,75
26,100,0.25,1,circle,True,26,2480.237623762376,0.045454545454545456,638,0.11846153846153845,80,80,10,75
27,100,0.25,1,circle,False,27,2482.089108910891,0.1334355828220859,652,0.13009615384615386,80,80,10,75
28,100,0.25,2,LHS,True,28,2484.5346534653463,0.1589895988112927,673,0.1097,80,80,10,75
29,100,0.25,2,LHS,False,29,2476.4851485148515,0.14878397711015737,699,0.1182,80,80,10,75
30,100,0.25,2,circle,True,30,2494.8118811881186,0.06334841628959276,663,0.12115384615384615,80,80,10,75
31,100,0.25,2,circle,False,31,2499.990099009901,0.06197654941373534,597,0.12403846153846154,80,80,10,75
32,250,0.1,1,LHS,True,32,2426.334661354582,0.5327525008067119,3099,0.3309,80,80,10,75
33,250,0.1,1,LHS,False,33,2418.5577689243028,0.5458015267175572,3144,0.32370000000000004,80,80,10,75
34,250,0.1,1,circle,True,34,2480.9521912350597,0.28157763354967547,2003,0.31298076923076923,80,80,10,75
35,250,0.1,1,circle,False,35,2460.227091633466,0.258679706601467,2045,0.3186538461538462,80,80,10,75
36,250,0.1,2,LHS,True,36,2452.011952191235,0.5098371777476255,2948,0.3008,80,80,10,75
37,250,0.1,2,LHS,False,37,2422.6932270916336,0.5526649746192893,3152,0.2983,80,80,10,75
38,250,0.1,2,circle,True,38,2478.00796812749,0.2527187985499741,1931,0.29605769230769236,80,80,10,75
39,250,0.1,2,circle,False,39,2483.5816733067727,0.25701402805611223,1996,0.3336538461538462,80,80,10,75
40,250,0.125,1,LHS,True,40,2465.5577689243028,0.4034067303697549,2407,0.24096774193548384,80,80,10,75
41,250,0.125,1,LHS,False,41,2449.227091633466,0.37139107611548555,2286,0.24991935483870967,80,80,10,75
42,250,0.125,1,circle,True,42,2471.5298804780878,0.22306910569105692,1968,0.27359374999999997,80,80,10,75
43,250,0.125,1,circle,False,43,2486.5577689243028,0.25620655412115195,2014,0.248046875,80,80,10,75
44,250,0.125,2,LHS,True,44,2461.003984063745,0.36597938144329895,2328,0.2604838709677419,80,80,10,75
45,250,0.125,2,LHS,False,45,2484.2868525896415,0.37270788912579955,2345,0.23516129032258065,80,80,10,75
46,250,0.125,2,circle,True,46,2497.211155378486,0.18687430478309233,1798,0.234140625,80,80,10,75
47,250,0.125,2,circle,False,47,2475.97609561753,0.1949616648411829,1826,0.234921875,80,80,10,75
48,250,0.16666666666666666,1,LHS,True,48,2461.5258964143427,0.33468104222821204,2226,0.1971341463414634,80,80,10,75
49,250,0.16666666666666666,1,LHS,False,49,2492.1235059760957,0.3295660036166365,2212,0.18128048780487804,80,80,10,75
50,250,0.16666666666666666,1,circle,True,50,2486.8725099601593,0.17108294930875576,1736,0.16446428571428573,80,80,10,75
51,250,0.16666666666666666,1,circle,False,51,2470.266932270916,0.07745159275452843,1601,0.20202380952380955,80,80,10,75
52,250,0.16666666666666666,2,LHS,True,52,2481.2749003984063,0.20747562296858071,1846,0.19847560975609754,80,80,10,75
53,250,0.16666666666666666,2,LHS,False,53,2486.0199203187253,0.23526315789473684,1900,0.18810975609756098,80,80,10,75
54,250,0.16666666666666666,2,circle,True,54,2495.812749003984,0.12594312246082415,1723,0.19458333333333333,80,80,10,75
55,250,0.16666666666666666,2,circle,False,55,2495.466135458167,0.14351851851851852,1728,0.1761904761904762,80,80,10,75
56,250,0.25,1,LHS,True,56,2494.211155378486,0.14859197124026363,1669,0.11838709677419354,80,80,10,75
57,250,0.25,1,LHS,False,57,2491.5019920318723,0.13956238911886457,1691,0.12165322580645162,80,80,10,75
58,250,0.25,1,circle,True,58,2478.832669322709,0.0568039950062422,1602,0.1316269841269841,80,80,10,75
59,250,0.25,1,circle,False,59,2494.394422310757,0.06408544726301736,1498,0.1234920634920635,80,80,10,75
60,250,0.25,2,LHS,True,60,2493.7211155378486,0.08812949640287769,1668,0.13125,80,80,10,75
61,250,0.25,2,LHS,False,61,2493.7490039840636,0.09794135995009358,1603,0.11673387096774192,80,80,10,75
62,250,0.25,2,circle,True,62,2479.868525896414,0.07092651757188498,1565,0.13071428571428573,80,80,10,75
63,250,0.25,2,circle,False,63,2481.0159362549803,0.0551128818061089,1506,0.12277777777777778,80,80,10,75
64,400,0.1,1,LHS,True,64,2470.8229426433913,0.4242652599849284,3981,0.290125,80,80,10,75
65,400,0.1,1,LHS,False,65,2477.9077306733166,0.48808197816885723,4489,0.28675,80,80,10,75
66,400,0.1,1,circle,True,66,2483.9675810473814,0.2598923710034821,3159,0.2975609756097561,80,80,10,75
67,400,0.1,1,circle,False,67,2479.9850374064836,0.2755102040816326,3234,0.32439024390243903,80,80,10,75
68,400,0.1,2,LHS,True,68,2485.9526184538654,0.46265652951699465,4472,0.3114375,80,80,10,75
69,400,0.1,2,LHS,False,69,2467.56608478803,0.40858018386108275,3916,0.30774999999999997,80,80,10,75
70,400,0.1,2,circle,True,70,2475.8304239401496,0.2541847489150651,3226,0.27384146341463417,80,80,10,75
71,400,0.1,2,circle,False,71,2490.551122194514,0.21708413615928066,3114,0.3150609756097561,80,80,10,75
72,400,0.125,1,LHS,True,72,2473.8204488778056,0.3517643789941651,3599,0.21405000000000002,80,80,10,75
73,400,0.125,1,LHS,False,73,2459.351620947631,0.39083769633507853,3820,0.2449,80,80,10,75
74,400,0.125,1,circle,True,74,2487.972568578554,0.1707145371348117,2841,0.26617647058823524,80,80,10,75
75,400,0.125,1,circle,False,75,2481.7506234413963,0.19155509783728114,2913,0.23637254901960789,80,80,10,75
76,400,0.125,2,LHS,True,76,2484.882793017456,0.3294185047264394,3491,0.2386,80,80,10,75
77,400,0.125,2,LHS,False,77,2482.6982543640897,0.31502375296912116,3368,0.24530000000000002,80,80,10,75
78,400,0.125,2,circle,True,78,2488.127182044888,0.1461944235116805,2654,0.24544117647058825,80,80,10,75
79,400,0.125,2,circle,False,79,2494.865336658354,0.18535773710482528,3005,0.27313725490196084,80,80,10,75
80,400,0.16666666666666666,1,LHS,True,80,2499.997506234414,0.25365853658536586,3075,0.1727651515151515,80,80,10,75
81,400,0.16666666666666666,1,LHS,False,81,2495.142144638404,0.18656456665506438,2873,0.18352272727272728,80,80,10,75
82,400,0.16666666666666666,1,circle,True,82,2489.0324189526186,0.10279329608938548,2685,0.18798507462686567,80,80,10,75
83,400,0.16666666666666666,1,circle,False,83,2492.3366583541147,0.08092026973423244,2521,0.17824626865671642,80,80,10,75
84,400,0.16666666666666666,2,LHS,True,84,2491.4763092269327,0.20319945541184478,2938,0.18125,80,80,10,75
85,400,0.16666666666666666,2,LHS,False,85,2477.6832917705738,0.22109189555781622,2949,0.20174242424242422,80,80,10,75
86,400,0.16666666666666666,2,circle,True,86,2492.2468827930174,0.10831721470019343,2585,0.18738805970149253,80,80,10,75
87,400,0.16666666666666666,2,circle,False,87,2490.7082294264337,0.11210587777345271,2569,0.17757462686567166,80,80,10,75
88,400,0.25,1,LHS,True,88,2492.14463840399,0.08616600790513834,2530,0.12557500000000002,80,80,10,75
89,400,0.25,1,LHS,False,89,2494.2568578553614,0.12379896526237989,2706,0.12337499999999997,80,80,10,75
90,400,0.25,1,circle,True,90,2493.6084788029925,0.05489443378119002,2605,0.13079207920792077,80,80,10,75
91,400,0.25,1,circle,False,91,2489.665835411471,0.07587548638132295,2570,0.13,80,80,10,75
92,400,0.25,2,LHS,True,92,2495.0798004987532,0.14401408450704226,2840,0.12765,80,80,10,75
93,400,0.25,2,LHS,False,93,2494.017456359102,0.11632415664986429,2579,0.11025,80,80,10,75
94,400,0.25,2,circle,True,94,2489.6533665835414,0.061232765612327655,2466,0.11935643564356434,80,80,10,75
95,400,0.25,2,circle,False,95,2482.9576059850374,0.051537822111388194,2406,0.1188118811881188,80,80,10,75
96,100,0.1,1,LHS,True,0,2133.891089108911,0.4667949951876805,1039,0.3125,80,80,10,75
97,100,0.1,1,LHS,False,1,2212.6435643564355,0.5690690690690691,1332,0.316,80,80,10,75
98,100,0.1,1,circle,True,2,2375.19801980198,0.42418032786885246,976,0.3331818181818182,80,80,10,75
99,100,0.1,1,circle,False,3,2368.237623762376,0.36013590033975085,883,0.336590909090909,80,80,10,75
100,100,0.1,2,LHS,True,4,2160.6138613861385,0.5251184834123223,1055,0.35925,80,80,10,75
101,100,0.1,2,LHS,False,5,2104.09900990099,0.5202578268876611,1086,0.27725,80,80,10,75
102,100,0.1,2,circle,True,6,2405.019801980198,0.364572605561277,971,0.32886363636363636,80,80,10,75
103,100,0.1,2,circle,False,7,2415.207920792079,0.3620309050772627,906,0.29568181818181816,80,80,10,75
104,100,0.125,1,LHS,True,8,2164.237623762376,0.5231187669990934,1103,0.2537500000000001,80,80,10,75
105,100,0.125,1,LHS,False,9,2277.4257425742576,0.4917555771096023,1031,0.2591666666666667,80,80,10,75
106,100,0.125,1,circle,True,10,2435.8217821782177,0.17236467236467237,702,0.2796153846153846,80,80,10,75
107,100,0.125,1,circle,False,11,2441.732673267327,0.23076923076923078,754,0.20923076923076922,80,80,10,75
108,100,0.125,2,LHS,True,12,2251.920792079208,0.3969631236442516,922,0.26875,80,80,10,75
109,100,0.125,2,LHS,False,13,2229.70297029703,0.34061696658097684,778,0.20145833333333338,80,80,10,75
110,100,0.125,2,circle,True,14,2457.7227722772277,0.27824019024970276,841,0.31788461538461543,80,80,10,75
111,100,0.125,2,circle,False,15,2463.128712871287,0.2342931937172775,764,0.22865384615384615,80,80,10,75
112,100,0.16666666666666666,1,LHS,True,16,2419.70297029703,0.2612942612942613,819,0.19671875000000003,80,80,10,75
113,100,0.16666666666666666,1,LHS,False,17,2377.831683168317,0.39228295819935693,933,0.19890625,80,80,10,75
114,100,0.16666666666666666,1,circle,True,18,2490.6732673267325,0.17032967032967034,728,0.2085294117647059,80,80,10,75
115,100,0.16666666666666666,1,circle,False,19,2448.7524752475247,0.13991163475699558,679,0.15323529411764705,80,80,10,75
116,100,0.16666666666666666,2,LHS,True,20,2403.5247524752476,0.2707535121328225,783,0.20218750000000002,80,80,10,75
117,100,0.16666666666666666,2,LHS,False,21,2474.4950495049507,0.3970893970893971,962,0.17046875,80,80,10,75
118,100,0.16666666666666666,2,circle,True,22,2483.4851485148515,0.18828451882845187,717,0.14411764705882352,80,80,10,75
119,100,0.16666666666666666,2,circle,False,23,2479.1485148514853,0.17983651226158037,734,0.19323529411764706,80,80,10,75
120,100,0.25,1,LHS,True,24,2488.029702970297,0.09935897435897435,624,0.1066,80,80,10,75
121,100,0.25,1,LHS,False,25,2488.980198019802,0.11079136690647481,695,0.12129999999999999,80,80,10,75
122,100,0.25,1,circle,True,26,2499.990099009901,0.11046511627906977,688,0.11692307692307692,80,80,10,75
123,100,0.25,1,circle,False,27,2478.7821782178216,0.10105580693815988,663,0.1201923076923077,80,80,10,75
124,100,0.25,2,LHS,True,28,2496.059405940594,0.10787172011661808,686,0.1228,80,80,10,75
125,100,0.25,2,LHS,False,29,2463.831683168317,0.15072083879423329,763,0.1298,80,80,10,75
126,100,0.25,2,circle,True,30,2476.633663366337,0.025951557093425604,578,0.10932692307692309,80,80,10,75
127,100,0.25,2,circle,False,31,2484.3069306930693,0.051364365971107544,623,0.12134615384615385,80,80,10,75
128,250,0.1,1,LHS,True,32,2405.5418326693225,0.49896265560165975,2892,0.30519999999999997,80,80,10,75
129,250,0.1,1,LHS,False,33,2404.964143426295,0.46050613496932513,2608,0.32049999999999995,80,80,10,75
130,250,0.1,1,circle,True,34,2475.6494023904384,0.28254580520732886,2074,0.3163461538461539,80,80,10,75
131,250,0.1,1,circle,False,35,2474.171314741036,0.33410672853828305,2155,0.2821153846153846,80,80,10,75
132,250,0.1,2,LHS,True,36,2474.1274900398407,0.4380069524913094,2589,0.358,80,80,10,75
133,250,0.1,2,LHS,False,37,2424.9561752988047,0.5005213764337852,2877,0.3145,80,80,10,75
134,250,0.1,2,circle,True,38,2480.2191235059763,0.2800808897876643,1978,0.3310576923076924,80,80,10,75
135,250,0.1,2,circle,False,39,2481.0597609561755,0.266304347826087,2024,0.3230769230769231,80,80,10,75
136,250,0.125,1,LHS,True,40,2463.1474103585656,0.423015873015873,2520,0.2504838709677419,80,80,10,75
137,250,0.125,1,LHS,False,41,2472.800796812749,0.3907756813417191,2385,0.2568548387096774,80,80,10,75
138,250,0.125,1,circle,True,42,2482.5059760956174,0.21561338289962825,1883,0.30148437499999997,80,80,10,75
139,250,0.125,1,circle,False,43,2451.840637450199,0.15979081929110983,1721,0.251328125,80,80,10,75
140,250,0.125,2,LHS,True,44,2474.597609561753,0.41630733045864365,2551,0.27895161290322584,80,80,10,75
141,250,0.125,2,LHS,False,45,2476.7171314741036,0.369751499571551,2334,0.2404032258064516,80,80,10,75
142,250,0.125,2,circle,True,46,2489.02390438247,0.15247170935080406,1679,0.24078125,80,80,10,75
143,250,0.125,2,circle,False,47,2477.1434262948205,0.18499717992103779,1773,0.23390624999999998,80,80,10,75
144,250,0.16666666666666666,1,LHS,True,48,2470.191235059761,0.2335958005249344,1905,0.21060975609756097,80,80,10,75
145,250,0.16666666666666666,1,LHS,False,49,2495.7290836653387,0.24380165289256198,1936,0.1770731707317073,80,80,10,75
146,250,0.16666666666666666,1,circle,True,50,2498.5458167330676,0.1299093655589124,1655,0.1719642857142857,80,80,10,75
147,250,0.16666666666666666,1,circle,False,51,2488.262948207171,0.1419200954084675,1677,0.16357142857142856,80,80,10,75
148,250,0.16666666666666666,2,LHS,True,52,2497.533864541833,0.20258863252673046,1777,0.15445121951219512,80,80,10,75
149,250,0.16666666666666666,2,LHS,False,53,2479.402390438247,0.22371967654986524,1855,0.17621951219512197,80,80,10,75
150,250,0.16666666666666666,2,circle,True,54,2484.0756972111553,0.10253317249698432,1658,0.17601190476190476,80,80,10,75
151,250,0.16666666666666666,2,circle,False,55,2485.067729083665,0.1400800457404231,1749,0.19601190476190475,80,80,10,75
152,250,0.25,1,LHS,True,56,2492.5498007968126,0.13819691577698695,1686,0.10802419354838706,80,80,10,75
153,250,0.25,1,LHS,False,57,2498.5577689243028,0.16195965417867436,1735,0.11245967741935482,80,80,10,75
154,250,0.25,1,circle,True,58,2490.011952191235,0.07610062893081761,1590,0.13218253968253965,80,80,10,75
155,250,0.25,1,circle,False,59,2486.9402390438245,0.09384711000621504,1609,0.13480158730158734,80,80,10,75
156,250,0.25,2,LHS,True,60,2488.9203187250996,0.12933025404157045,1732,0.1304032258064516,80,80,10,75
157,250,0.25,2,LHS,False,61,2494.0996015936257,0.1201923076923077,1664,0.14044354838709677,80,80,10,75
158,250,0.25,2,circle,True,62,2482.4462151394423,0.051330798479087454,1578,0.1209920634920635,80,80,10,75
159,250,0.25,2,circle,False,63,2494.5418326693225,0.07631738340399757,1651,0.1259126984126984,80,80,10,75
160,400,0.1,1,LHS,True,64,2461.172069825436,0.3783491204330176,3695,0.30274999999999996,80,80,10,75
161,400,0.1,1,LHS,False,65,2456.5860349127183,0.3968421052631579,3800,0.2934375,80,80,10,75
162,400,0.1,1,circle,True,66,2483.27680798005,0.2756551941900853,3167,0.3025609756097561,80,80,10,75
163,400,0.1,1,circle,False,67,2483.982543640898,0.264346190028222,3189,0.32463414634146337,80,80,10,75
164,400,0.1,2,LHS,True,68,2473.271820448878,0.44258315125030345,4119,0.3052499999999999,80,80,10,75
165,400,0.1,2,LHS,False,69,2453.139650872818,0.4230377166156983,3924,0.32625000000000004,80,80,10,75
166,400,0.1,2,circle,True,70,2497.354114713217,0.22666218938885158,2978,0.2662195121951219,80,80,10,75
167,400,0.1,2,circle,False,71,2491.211970074813,0.22218586387434555,3056,0.29036585365853657,80,80,10,75
168,400,0.125,1,LHS,True,72,2482.950124688279,0.31710958495073155,3349,0.25205,80,80,10,75
169,400,0.125,1,LHS,False,73,2482.940149625935,0.3593314763231198,3590,0.24735000000000004,80,80,10,75
170,400,0.125,1,circle,True,74,2486.0573566084786,0.16648609606356085,2769,0.22362745098039213,80,80,10,75
171,400,0.125,1,circle,False,75,2486.1596009975065,0.176574041505452,2843,0.2588235294117647,80,80,10,75
172,400,0.125,2,LHS,True,76,2472.27680798005,0.2729950900163666,3055,0.2256,80,80,10,75
173,400,0.125,2,LHS,False,77,2484.3815461346635,0.3086904043452022,3314,0.25045,80,80,10,75
174,400,0.125,2,circle,True,78,2474.3890274314213,0.17111517367458867,2735,0.2480882352941177,80,80,10,75
175,400,0.125,2,circle,False,79,2499.1521197007482,0.18209562563580875,2949,0.24323529411764705,80,80,10,75
176,400,0.16666666666666666,1,LHS,True,80,2493.7705735660847,0.21457353928811282,2978,0.18924242424242424,80,80,10,75
177,400,0.16666666666666666,1,LHS,False,81,2493.0748129675812,0.2479819179851469,3097,0.19037878787878787,80,80,10,75
178,400,0.16666666666666666,1,circle,True,82,2491.2019950124686,0.10326295585412668,2605,0.18708955223880597,80,80,10,75
179,400,0.16666666666666666,1,circle,False,83,2486.14463840399,0.10959423587409936,2637,0.17869402985074628,80,80,10,75
180,400,0.16666666666666666,2,LHS,True,84,2492.1296758104736,0.2314266929651545,3042,0.18170454545454545,80,80,10,75
181,400,0.16666666666666666,2,LHS,False,85,2490.4513715710723,0.2385557704706641,3102,0.19821969696969696,80,80,10,75
182,400,0.16666666666666666,2,circle,True,86,2487.6159600997507,0.12218181818181818,2750,0.19291044776119404,80,80,10,75
183,400,0.16666666666666666,2,circle,False,87,2486.194513715711,0.10244470314318975,2577,0.19182835820895522,80,80,10,75
184,400,0.25,1,LHS,True,88,2493.900249376559,0.13935018050541517,2770,0.13237500000000002,80,80,10,75
185,400,0.25,1,LHS,False,89,2492.204488778055,0.14498546511627908,2752,0.11872500000000002,80,80,10,75
186,400,0.25,1,circle,True,90,2490.216957605985,0.06836935166994106,2545,0.12782178217821785,80,80,10,75
187,400,0.25,1,circle,False,91,2491.6209476309227,0.057692307692307696,2548,0.11232673267326733,80,80,10,75
188,400,0.25,2,LHS,True,92,2492.8204488778056,0.11058451816745656,2532,0.110275,80,80,10,75
189,400,0.25,2,LHS,False,93,2494.9077306733166,0.10877192982456141,2565,0.11609999999999998,80,80,10,75
190,400,0.25,2,circle,True,94,2486.665835411471,0.052695092518101366,2486,0.13032178217821783,80,80,10,75
191,400,0.25,2,circle,False,95,2494.6683291770573,0.06965572457966374,2498,0.12846534653465347,80,80,10,75
192,100,0.1,1,LHS,True,0,2049.0495049504952,0.532051282051282,1092,0.29225,80,80,10,75
193,100,0.1,1,LHS,False,1,2170.6534653465346,0.4980237154150198,1012,0.28099999999999997,80,80,10,75
194,100,0.1,1,circle,True,2,2403.19801980198,0.31494252873563217,870,0.3056818181818182,80,80,10,75
195,100,0.1,1,circle,False,3,2420.990099009901,0.364124597207304,931,0.2815909090909091,80,80,10,75
196,100,0.1,2,LHS,True,4,2298.80198019802,0.6115819209039548,1416,0.33125000000000004,80,80,10,75
197,100,0.1,2,LHS,False,5,2272.6138613861385,0.4216494845360825,970,0.29450000000000004,80,80,10,75
198,100,0.1,2,circle,True,6,2452.831683168317,0.2185430463576159,755,0.2777272727272727,80,80,10,75
199,100,0.1,2,circle,False,7,2426.09900990099,0.4063786008230453,972,0.33954545454545454,80,80,10,75
200,100,0.125,1,LHS,True,8,2223.1485148514853,0.36185819070904646,818,0.29541666666666666,80,80,10,75
201,100,0.125,1,LHS,False,9,2118.366336633663,0.5437553101104503,1177,0.29,80,80,10,75
202,100,0.125,1,circle,True,10,2385.267326732673,0.30637254901960786,816,0.2525,80,80,10,75
203,100,0.125,1,circle,False,11,2434.3168316831684,0.22932330827067668,798,0.25942307692307687,80,80,10,75
204,100,0.125,2,LHS,True,12,2327.4059405940593,0.40042598509052185,939,0.258125,80,80,10,75
205,100,0.125,2,LHS,False,13,2374.831683168317,0.41025641025641024,975,0.278125,80,80,10,75
206,100,0.125,2,circle,True,14,2462.2574257425745,0.2863849765258216,852,0.24923076923076917,80,80,10,75
207,100,0.125,2,circle,False,15,2395.891089108911,0.21233859397417504,697,0.2557692307692308,80,80,10,75
208,100,0.16666666666666666,1,LHS,True,16,2381.237623762376,0.3771760154738878,1034,0.2003125,80,80,10,75
209,100,0.16666666666666666,1,LHS,False,17,2418.7524752475247,0.30732292917166865,833,0.20578124999999997,80,80,10,75
210,100,0.16666666666666666,1,circle,True,18,2436.019801980198,0.16279069767441862,688,0.2077941176470588,80,80,10,75
211,100,0.16666666666666666,1,circle,False,19,2461.90099009901,0.15129682997118155,694,0.2151470588235294,80,80,10,75
212,100,0.16666666666666666,2,LHS,True,20,2300.7128712871286,0.22151088348271447,781,0.16578125,80,80,10,75
213,100,0.16666666666666666,2,LHS,False,21,2357.990099009901,0.3167701863354037,805,0.16703125000000002,80,80,10,75
214,100,0.16666666666666666,2,circle,True,22,2495.970297029703,0.14594594594594595,740,0.1991176470588235,80,80,10,75
215,100,0.16666666666666666,2,circle,False,23,2461.1782178217823,0.07777777777777778,630,0.2023529411764706,80,80,10,75
216,100,0.25,1,LHS,True,24,2457.970297029703,0.14456233421750664,754,0.15800000000000003,80,80,10,75
217,100,0.25,1,LHS,False,25,2451.792079207921,0.20316622691292877,758,0.085,80,80,10,75
218,100,0.25,1,circle,True,26,2493.2772277227723,0.03305785123966942,605,0.11057692307692307,80,80,10,75
219,100,0.25,1,circle,False,27,2470.158415841584,0.09482758620689655,696,0.13134615384615383,80,80,10,75
220,100,0.25,2,LHS,True,28,2471.4455445544554,0.13580246913580246,729,0.12330000000000002,80,80,10,75
221,100,0.25,2,LHS,False,29,2485.108910891089,0.21231155778894473,796,0.1225,80,80,10,75
222,100,0.25,2,circle,True,30,2473.732673267327,0.02154398563734291,557,0.0996153846153846,80,80,10,75
223,100,0.25,2,circle,False,31,2464.3168316831684,0.10225563909774436,665,0.13134615384615383,80,80,10,75
224,250,0.1,1,LHS,True,32,2448.0438247011953,0.5029855988760098,2847,0.3149,80,80,10,75
225,250,0.1,1,LHS,False,33,2398.6175298804783,0.44126984126984126,2520,0.31639999999999996,80,80,10,75
226,250,0.1,1,circle,True,34,2477.402390438247,0.2774480712166172,2022,0.30288461538461536,80,80,10,75
227,250,0.1,1,circle,False,35,2472.00796812749,0.223928004235045,1889,0.32625,80,80,10,75
228,250,0.1,2,LHS,True,36,2444.9243027888447,0.5183407610558793,2917,0.33509999999999995,80,80,10,75
229,250,0.1,2,LHS,False,37,2439.8525896414344,0.47073978652926024,2717,0.3333,80,80,10,75
230,250,0.1,2,circle,True,38,2477.0876494023905,0.24376590330788805,1965,0.29740384615384613,80,80,10,75
231,250,0.1,2,circle,False,39,2481.5537848605577,0.2658595641646489,2065,0.31490384615384615,80,80,10,75
232,250,0.125,1,LHS,True,40,2462.0956175298807,0.5147058823529411,2992,0.2666935483870968,80,80,10,75
233,250,0.125,1,LHS,False,41,2457.629482071713,0.3450319051959891,2194,0.24870967741935487,80,80,10,75
234,250,0.125,1,circle,True,42,2492.7171314741036,0.20200892857142858,1792,0.25765625,80,80,10,75
235,250,0.125,1,circle,False,43,2480.035856573705,0.23636363636363636,1925,0.25328125,80,80,10,75
236,250,0.125,2,LHS,True,44,2465.366533864542,0.35580865603644646,2195,0.24306451612903227,80,80,10,75
237,250,0.125,2,LHS,False,45,2463.601593625498,0.31064657267865825,2057,0.24862903225806451,80,80,10,75
238,250,0.125,2,circle,True,46,2478.1075697211154,0.1422668240850059,1694,0.276171875,80,80,10,75
239,250,0.125,2,circle,False,47,2477.2430278884462,0.17454954954954954,1776,0.22804687500000004,80,80,10,75
240,250,0.16666666666666666,1,LHS,True,48,2474.621513944223,0.29217904574520415,2033,0.19176829268292683,80,80,10,75
241,250,0.16666666666666666,1,LHS,False,49,2480.601593625498,0.2982541222114452,2062,0.1950609756097561,80,80,10,75
242,250,0.16666666666666666,1,circle,True,50,2474.4940239043826,0.11965811965811966,1755,0.18553571428571428,80,80,10,75
243,250,0.16666666666666666,1,circle,False,51,2479.828685258964,0.11507692307692308,1625,0.17648809523809525,80,80,10,75
244,250,0.16666666666666666,2,LHS,True,52,2496.0717131474103,0.1893687707641196,1806,0.1728658536585366,80,80,10,75
245,250,0.16666666666666666,2,LHS,False,53,2484.011952191235,0.293732460243218,2138,0.19567073170731708,80,80,10,75
246,250,0.16666666666666666,2,circle,True,54,2490.4741035856573,0.08789808917197452,1570,0.17309523809523808,80,80,10,75
247,250,0.16666666666666666,2,circle,False,55,2489.804780876494,0.098676293622142,1662,0.19738095238095235,80,80,10,75
248,250,0.25,1,LHS,True,56,2494.3505976095616,0.1290704558910598,1689,0.13693548387096774,80,80,10,75
249,250,0.25,1,LHS,False,57,2493.434262948207,0.17060518731988472,1735,0.11491935483870967,80,80,10,75
250,250,0.25,1,circle,True,58,2489.1115537848605,0.07298814722395508,1603,0.11702380952380953,80,80,10,75
251,250,0.25,1,circle,False,59,2480.661354581673,0.08447043534762833,1539,0.11404761904761905,80,80,10,75
252,250,0.25,2,LHS,True,60,2485.1155378486055,0.0845518118245391,1573,0.10810483870967741,80,80,10,75
253,250,0.25,2,LHS,False,61,2493.2430278884462,0.07405102675793404,1607,0.12375,80,80,10,75
254,250,0.25,2,circle,True,62,2480.8446215139443,0.08938212357528494,1667,0.13988095238095238,80,80,10,75
255,250,0.25,2,circle,False,63,2481.932270916335,0.060625814863103,1534,0.11392857142857143,80,80,10,75
256,400,0.1,1,LHS,True,64,2472.9625935162094,0.4324719648951731,4102,0.28618750000000004,80,80,10,75
257,400,0.1,1,LHS,False,65,2451.793017456359,0.4769605671245016,4514,0.3055,80,80,10,75
258,400,0.1,1,circle,True,66,2493.7755610972567,0.2652997825411619,3219,0.3100609756097561,80,80,10,75
259,400,0.1,1,circle,False,67,2480.6758104738155,0.28884881274421403,3327,0.31359756097560976,80,80,10,75
260,400,0.1,2,LHS,True,68,2478.8304239401496,0.468178662346679,4321,0.2845,80,80,10,75
261,400,0.1,2,LHS,False,69,2481.8029925187034,0.43319542467753713,4109,0.3055,80,80,10,75
262,400,0.1,2,circle,True,70,2487.022443890274,0.23535319718781386,2987,0.30152439024390243,80,80,10,75
263,400,0.1,2,circle,False,71,2466.7680798004985,0.25720551378446116,3192,0.29060975609756096,80,80,10,75
264,400,0.125,1,LHS,True,72,2470.1296758104736,0.3813916710595677,3794,0.24130000000000001,80,80,10,75
265,400,0.125,1,LHS,False,73,2493.9526184538654,0.3161592505854801,3416,0.22884999999999997,80,80,10,75
266,400,0.125,1,circle,True,74,2497.71072319202,0.20723684210526316,3040,0.24803921568627452,80,80,10,75
267,400,0.125,1,circle,False,75,2477.2917705735663,0.21746134020618557,3104,0.2750980392156862,80,80,10,75
268,400,0.125,2,LHS,True,76,2484.3017456359103,0.37661311561759286,3797,0.24019999999999997,80,80,10,75
269,400,0.125,2,LHS,False,77,2482.5311720698255,0.31305114638447973,3402,0.24945,80,80,10,75
270,400,0.125,2,circle,True,78,2489.1920199501246,0.17252627763682493,2759,0.2499509803921569,80,80,10,75
271,400,0.125,2,circle,False,79,2484.411471321696,0.13256591162272557,2693,0.2529411764705882,80,80,10,75
272,400,0.16666666666666666,1,LHS,True,80,2484.86783042394,0.24150566289140574,3002,0.16314393939393942,80,80,10,75
273,400,0.16666666666666666,1,LHS,False,81,2491.5261845386535,0.19279156749404963,2941,0.18602272727272728,80,80,10,75
274,400,0.16666666666666666,1,circle,True,82,2478.5860349127183,0.09906191369606004,2665,0.1994402985074627,80,80,10,75
275,400,0.16666666666666666,1,circle,False,83,2483.209476309227,0.11767020857929948,2541,0.17955223880597013,80,80,10,75
276,400,0.16666666666666666,2,LHS,True,84,2486.5536159600997,0.1786609380594343,2793,0.17757575757575758,80,80,10,75
277,400,0.16666666666666666,2,LHS,False,85,2488.3117206982542,0.21072931276297335,2852,0.16662878787878788,80,80,10,75
278,400,0.16666666666666666,2,circle,True,86,2480.4463840399003,0.10115830115830116,2590,0.17951492537313432,80,80,10,75
279,400,0.16666666666666666,2,circle,False,87,2484.9750623441396,0.11286594761171033,2596,0.17854477611940298,80,80,10,75
280,400,0.25,1,LHS,True,88,2494.2593516209477,0.11728395061728394,2592,0.12735000000000002,80,80,10,75
281,400,0.25,1,LHS,False,89,2483.4713216957607,0.09711804184761152,2533,0.126675,80,80,10,75
282,400,0.25,1,circle,True,90,2493.8703241895264,0.06212424849699399,2495,0.13363861386138612,80,80,10,75
283,400,0.25,1,circle,False,91,2496.448877805486,0.05908539053014974,2471,0.11779702970297029,80,80,10,75
284,400,0.25,2,LHS,True,92,2486.28927680798,0.09346153846153846,2600,0.11665,80,80,10,75
285,400,0.25,2,LHS,False,93,2497.261845386534,0.11527057079318014,2698,0.11044999999999999,80,80,10,75
286,400,0.25,2,circle,True,94,2490.6134663341645,0.06064209274673008,2523,0.12517326732673267,80,80,10,75
287,400,0.25,2,circle,False,95,2472.4014962593515,0.05865809562073122,2489,0.1262871287128713,80,80,10,75
288,100,0.1,1,LHS,True,0,2147.2574257425745,0.5089538171536286,1061,0.29024999999999995,80,80,10,75
289,100,0.1,1,LHS,False,1,1925.5247524752476,0.5664467483506126,1061,0.328,80,80,10,75
290,100,0.1,1,circle,True,2,2376.6435643564355,0.31204819277108437,830,0.25272727272727274,80,80,10,75
291,100,0.1,1,circle,False,3,2382.3564356435645,0.3301088270858525,827,0.2784090909090909,80,80,10,75
292,100,0.1,2,LHS,True,4,2222.7524752475247,0.4043035107587769,883,0.32225,80,80,10,75
293,100,0.1,2,LHS,False,5,2203.4158415841584,0.5823754789272031,1305,0.34675,80,80,10,75
294,100,0.1,2,circle,True,6,2387.059405940594,0.39465875370919884,1011,0.31386363636363634,80,80,10,75
295,100,0.1,2,circle,False,7,2434.5643564356437,0.29120198265179675,807,0.28363636363636363,80,80,10,75
296,100,0.125,1,LHS,True,8,2256.920792079208,0.3447058823529412,850,0.278125,80,80,10,75
297,100,0.125,1,LHS,False,9,2221.0495049504952,0.5,1092,0.27479166666666666,80,80,10,75
298,100,0.125,1,circle,True,10,2426.4158415841584,0.3713355048859935,921,0.29576923076923084,80,80,10,75
299,100,0.125,1,circle,False,11,2448.09900990099,0.12794117647058822,680,0.2373076923076923,80,80,10,75
300,100,0.125,2,LHS,True,12,2288.227722772277,0.5260504201680672,1190,0.240625,80,80,10,75
301,100,0.125,2,LHS,False,13,2331.7227722772277,0.4278557114228457,998,0.26979166666666665,80,80,10,75
302,100,0.125,2,circle,True,14,2413.5643564356437,0.1953551912568306,732,0.2709615384615385,80,80,10,75
303,100,0.125,2,circle,False,15,2445.128712871287,0.2327469553450609,739,0.22269230769230766,80,80,10,75
304,100,0.16666666666666666,1,LHS,True,16,2306.4455445544554,0.341842397336293,901,0.2134375,80,80,10,75
305,100,0.16666666666666666,1,LHS,False,17,2435.138613861386,0.32448733413751507,829,0.18359375,80,80,10,75
306,100,0.16666666666666666,1,circle,True,18,2447.2772277227723,0.25280199252801994,803,0.19455882352941178,80,80,10,75
307,100,0.16666666666666666,1,circle,False,19,2450.831683168317,0.18488529014844804,741,0.20338235294117646,80,80,10,75
308,100,0.16666666666666666,2,LHS,True,20,2427.207920792079,0.3447098976109215,879,0.1975,80,80,10,75
309,100,0.16666666666666666,2,LHS,False,21,2405.7821782178216,0.2657601977750309,809,0.20546875,80,80,10,75
310,100,0.16666666666666666,2,circle,True,22,2480.366336633663,0.12116788321167883,685,0.18691176470588233,80,80,10,75
311,100,0.16666666666666666,2,circle,False,23,2479.5445544554455,0.18231292517006803,735,0.16970588235294118,80,80,10,75
312,100,0.25,1,LHS,True,24,2475.891089108911,0.08702531645569621,632,0.1171,80,80,10,75
313,100,0.25,1,LHS,False,25,2475.8118811881186,0.14349775784753363,669,0.1139,80,80,10,75
314,100,0.25,1,circle,True,26,2499.990099009901,0.11646586345381527,747,0.14596153846153848,80,80,10,75
315,100,0.25,1,circle,False,27,2462.5841584158416,0.058823529411764705,629,0.11413461538461539,80,80,10,75
316,100,0.25,2,LHS,True,28,2483.633663366337,0.26163522012578616,795,0.1338,80,80,10,75
317,100,0.25,2,LHS,False,29,2493.762376237624,0.18424753867791843,711,0.12279999999999999,80,80,10,75
318,100,0.25,2,circle,True,30,2499.990099009901,0.06741573033707865,623,0.1,80,80,10,75
319,100,0.25,2,circle,False,31,2499.990099009901,0.0752212389380531,678,0.1326923076923077,80,80,10,75
320,250,0.1,1,LHS,True,32,2443.9203187250996,0.4993252361673414,2964,0.314,80,80,10,75
321,250,0.1,1,LHS,False,33,2432.191235059761,0.4720700985761227,2739,0.3084,80,80,10,75
322,250,0.1,1,circle,True,34,2486.9840637450197,0.2611788617886179,1968,0.3288461538461538,80,80,10,75
323,250,0.1,1,circle,False,35,2465.6812749003984,0.3,2060,0.30259615384615385,80,80,10,75
324,250,0.1,2,LHS,True,36,2468.7808764940237,0.43754940711462453,2530,0.3141,80,80,10,75
325,250,0.1,2,LHS,False,37,2460.629482071713,0.4529505582137161,2508,0.29150000000000004,80,80,10,75
326,250,0.1,2,circle,True,38,2488.227091633466,0.30765595463137996,2116,0.30682692307692305,80,80,10,75
327,250,0.1,2,circle,False,39,2471.4940239043826,0.2540733197556008,1964,0.35000000000000003,80,80,10,75
328,250,0.125,1,LHS,True,40,2462.3227091633466,0.4220430107526882,2604,0.285,80,80,10,75
329,250,0.125,1,LHS,False,41,2460.1832669322707,0.4099429502852486,2454,0.27241935483870966,80,80,10,75
330,250,0.125,1,circle,True,42,2477.9442231075695,0.21856449001618997,1853,0.2334375,80,80,10,75
331,250,0.125,1,circle,False,43,2487.1035856573703,0.1858506457046603,1781,0.263046875,80,80,10,75
332,250,0.125,2,LHS,True,44,2475.231075697211,0.375472490550189,2381,0.23532258064516126,80,80,10,75
333,250,0.125,2,LHS,False,45,2453.2151394422312,0.3769523005487547,2369,0.2679032258064516,80,80,10,75
334,250,0.125,2,circle,True,46,2497.4900398406376,0.19114349775784753,1784,0.270390625,80,80,10,75
335,250,0.125,2,circle,False,47,2482.804780876494,0.23597273203985317,1907,0.224453125,80,80,10,75
336,250,0.16666666666666666,1,LHS,True,48,2490.5458167330676,0.24871001031991744,1938,0.1917682926829268,80,80,10,75
337,250,0.16666666666666666,1,LHS,False,49,2479.1513944223107,0.30634469696969696,2112,0.18109756097560978,80,80,10,75
338,250,0.16666666666666666,1,circle,True,50,2494.8486055776893,0.10303030303030303,1650,0.17952380952380953,80,80,10,75
339,250,0.16666666666666666,1,circle,False,51,2493.011952191235,0.1361474435196195,1682,0.2048214285714286,80,80,10,75
340,250,0.16666666666666666,2,LHS,True,52,2488.3187250996016,0.24316260566882147,2011,0.1849390243902439,80,80,10,75
341,250,0.16666666666666666,2,LHS,False,53,2469.402390438247,0.27109704641350213,1896,0.16158536585365854,80,80,10,75
342,250,0.16666666666666666,2,circle,True,54,2492.7011952191233,0.11648745519713262,1674,0.17982142857142858,80,80,10,75
343,250,0.16666666666666666,2,circle,False,55,2490.378486055777,0.13702801461632155,1642,0.19416666666666665,80,80,10,75
344,250,0.25,1,LHS,True,56,2468.9163346613545,0.1569532602423543,1733,0.12475806451612904,80,80,10,75
345,250,0.25,1,LHS,False,57,2484.2828685258964,0.15266742338251987,1762,0.11891129032258062,80,80,10,75
346,250,0.25,1,circle,True,58,2483.8804780876494,0.06995627732667083,1601,0.11063492063492063,80,80,10,75
347,250,0.25,1,circle,False,59,2493.02390438247,0.04431216931216931,1512,0.1301190476190476,80,80,10,75
348,250,0.25,2,LHS,True,60,2499.996015936255,0.13438967136150234,1704,0.1326209677419355,80,80,10,75
349,250,0.25,2,LHS,False,61,2498.637450199203,0.15559341283361727,1761,0.10786290322580647,80,80,10,75
350,250,0.25,2,circle,True,62,2490.8924302788846,0.08005003126954346,1599,0.11892857142857141,80,80,10,75
351,250,0.25,2,circle,False,63,2495.97609561753,0.07874015748031496,1651,0.13761904761904764,80,80,10,75
352,400,0.1,1,LHS,True,64,2476.4812967581047,0.4573481687528975,4314,0.2925,80,80,10,75
353,400,0.1,1,LHS,False,65,2464.4463840399003,0.5045676651795199,4707,0.3131875,80,80,10,75
354,400,0.1,1,circle,True,66,2477.3965087281795,0.2567398119122257,3190,0.2940243902439024,80,80,10,75
355,400,0.1,1,circle,False,67,2481.361596009975,0.21751120303343674,2901,0.301890243902439,80,80,10,75
356,400,0.1,2,LHS,True,68,2469.9201995012468,0.3842830137726168,3703,0.296375,80,80,10,75
357,400,0.1,2,LHS,False,69,2477.7805486284287,0.36701541850220265,3632,0.3095625,80,80,10,75
358,400,0.1,2,circle,True,70,2491.064837905237,0.21938946662193895,2981,0.3122560975609756,80,80,10,75
359,400,0.1,2,circle,False,71,2478.1645885286785,0.27451583154011683,3253,0.2976829268292682,80,80,10,75
360,400,0.125,1,LHS,True,72,2488.857855361596,0.3116279069767442,3440,0.26175,80,80,10,75
361,400,0.125,1,LHS,False,73,2477.2019950124686,0.3736174804424063,3707,0.25145,80,80,10,75
362,400,0.125,1,circle,True,74,2491.27680798005,0.14083457526080476,2684,0.2506372549019608,80,80,10,75
363,400,0.125,1,circle,False,75,2495.137157107232,0.17248530936743864,2893,0.2583333333333333,80,80,10,75
364,400,0.125,2,LHS,True,76,2491.8952618453864,0.3227299016772701,3458,0.23620000000000002,80,80,10,75
365,400,0.125,2,LHS,False,77,2493.593516209476,0.330749354005168,3483,0.21545000000000003,80,80,10,75
366,400,0.125,2,circle,True,78,2492.5311720698255,0.1448301605076521,2679,0.2405392156862745,80,80,10,75
367,400,0.125,2,circle,False,79,2473.4413965087283,0.17108088761632068,2794,0.2466176470588235,80,80,10,75
368,400,0.16666666666666666,1,LHS,True,80,2496.0872817955114,0.20810810810810812,2960,0.18416666666666667,80,80,10,75
369,400,0.16666666666666666,1,LHS,False,81,2498.7581047381545,0.21727833712244235,3079,0.20064393939393943,80,80,10,75
370,400,0.16666666666666666,1,circle,True,82,2489.7755610972567,0.0844181459566075,2535,0.20361940298507467,80,80,10,75
371,400,0.16666666666666666,1,circle,False,83,2488.773067331671,0.12527634487840825,2714,0.18817164179104479,80,80,10,75
372,400,0.16666666666666666,2,LHS,True,84,2497.57855361596,0.20238500851788757,2935,0.1803409090909091,80,80,10,75
373,400,0.16666666666666666,2,LHS,False,85,2486.281795511222,0.21653676719756015,2951,0.19265151515151513,80,80,10,75
374,400,0.16666666666666666,2,circle,True,86,2486.6932668329177,0.11760242792109256,2636,0.19205223880597017,80,80,10,75
375,400,0.16666666666666666,2,circle,False,87,2493.935162094763,0.11064638783269962,2630,0.1785074626865672,80,80,10,75
376,400,0.25,1,LHS,True,88,2484.0149625935164,0.1044776119402985,2680,0.13115,80,80,10,75
377,400,0.25,1,LHS,False,89,2489.5635910224437,0.10430148458317473,2627,0.12765,80,80,10,75
378,400,0.25,1,circle,True,90,2488.9800498753116,0.06891151135473766,2554,0.12299504950495051,80,80,10,75
379,400,0.25,1,circle,False,91,2493.162094763092,0.06115965051628276,2518,0.1277970297029703,80,80,10,75
380,400,0.25,2,LHS,True,92,2493.4763092269327,0.12199771254288982,2623,0.11599999999999999,80,80,10,75
381,400,0.25,2,LHS,False,93,2495.7605985037408,0.10439770554493308,2615,0.12162500000000001,80,80,10,75
382,400,0.25,2,circle,True,94,2490.583541147132,0.05910543130990415,2504,0.12017326732673268,80,80,10,75
383,400,0.25,2,circle,False,95,2492.027431421446,0.05492349941153393,2549,0.12933168316831684,80,80,10,75
