,run,Average_lifespan,Percentage_failed,Total_attempts,Usage,N,N_poles,Vision,Grid_positions,Grid_open
0,0.0,2489.4151785714284,0.23375870069605567,1724.0,0.18121951219512197,223,0.1861180550551016,1,LHS,False
1,0.0,2469.326923076923,0.07608695652173914,1288.0,0.1108173076923077,207,0.24667314784737104,2,circle,False
2,0.0,2474.9947368421053,0.18345864661654135,1330.0,0.18675000000000003,189,0.1579671088698662,2,circle,False
3,0.0,2428.4850746268658,0.31650135256988277,1109.0,0.18312499999999998,133,0.15496093357706664,1,LHS,False
4,0.0,2498.9019073569484,0.14996114996114995,2574.0,0.1326470588235294,366,0.23443335509431854,1,LHS,True
5,0.0,2495.5459459459457,0.4340962904498816,3801.0,0.2539880952380953,369,0.11512077904665038,1,LHS,True
6,0.0,2486.685185185185,0.1546112115732369,1106.0,0.18802083333333333,161,0.14388260577764433,2,circle,False
7,0.0,2481.8579234972676,0.31729518855656696,3076.0,0.22730392156862744,365,0.140651665554589,1,LHS,True
8,0.0,2446.2136752136753,0.1559074299634592,821.0,0.20555555555555557,116,0.15354124045222473,1,circle,False
9,0.0,2499.997474747475,0.16879886282871356,2814.0,0.1292105263157895,395,0.24295937241982746,2,LHS,True
10,0.0,2492.6184210526317,0.21939953810623555,2165.0,0.2727941176470588,303,0.11201826930189325,1,circle,False
11,0.0,2499.9962962962964,0.1298265249020705,1787.0,0.1343333333333333,269,0.22462759378016117,2,LHS,True
12,0.0,2498.0588235294117,0.16934865900383142,1305.0,0.14730263157894738,186,0.20560042178267046,1,LHS,True
13,0.0,2465.292490118577,0.31959240389069016,2159.0,0.19264285714285714,252,0.1414179279142821,1,LHS,False
14,0.0,2483.8283828382837,0.12072434607645875,1988.0,0.20802083333333332,302,0.1577464780378759,1,circle,True
15,0.0,2438.02752293578,0.19215155615696888,739.0,0.24383333333333332,108,0.13610018710594254,2,circle,False
16,0.0,2496.0042194092825,0.07147628590514363,1497.0,0.1523404255319149,236,0.19833308835702584,2,circle,False
17,0.0,2470.377049180328,0.4208963282937365,3704.0,0.27711111111111114,365,0.12375394406039843,1,LHS,True
18,0.0,2483.914754098361,0.1990909090909091,2200.0,0.17581632653061224,304,0.16323035234118444,2,LHS,False
19,0.0,2487.2192307692308,0.1337579617834395,1727.0,0.16880434782608694,259,0.17653854631486365,1,circle,False
20,0.0,2497.119834710744,0.18382352941176472,1768.0,0.11675925925925924,241,0.2260604892066869,1,LHS,False
21,0.0,2495.1216617210684,0.15767461313258052,2391.0,0.22388297872340426,336,0.1394016572626777,1,circle,True
22,0.0,2498.3051470588234,0.15905511811023623,1905.0,0.1538157894736842,271,0.21344389736365435,2,LHS,True
23,0.0,2480.6203389830507,0.33149374540103016,2718.0,0.23750000000000004,294,0.14916396958251454,1,LHS,True
24,0.0,2499.9939393939394,0.06244087038789026,1057.0,0.1303125,164,0.23990803071492642,2,circle,False
25,0.0,2488.1921708185055,0.21542940320232898,2061.0,0.1598529411764706,280,0.18482010555752018,1,LHS,False
26,0.0,2474.5252525252527,0.3368304803975704,1811.0,0.20075000000000004,197,0.1537248310773074,2,LHS,False
27,0.0,2468.0425531914893,0.2009626955475331,1662.0,0.15394444444444444,234,0.19384011073437074,2,LHS,False
28,0.0,2493.7884615384614,0.08087487283825025,1966.0,0.12561538461538463,311,0.20692516948573028,2,circle,False
29,0.0,2459.0332103321034,0.2528409090909091,2112.0,0.32330357142857136,270,0.10008388174722976,2,circle,True
30,0.0,2482.9772727272725,0.113646147223418,2323.0,0.24196078431372545,351,0.1434694463397268,1,circle,True
31,0.0,2496.5907928388747,0.24175824175824176,3003.0,0.19615079365079363,390,0.16159423555207733,2,LHS,True
32,0.0,2474.035532994924,0.29591214154972545,1639.0,0.23403846153846153,196,0.13336983972533625,2,LHS,False
33,0.0,2480.777777777778,0.42565266742338254,3524.0,0.2885810810810811,341,0.1093759408942438,2,LHS,False
34,0.0,2481.137741046832,0.1075407026563839,2334.0,0.1330965909090909,362,0.24483899531627218,1,LHS,True
35,0.0,2498.7862595419847,0.14093226511289147,2746.0,0.23333333333333334,392,0.14304065599541496,1,circle,True
36,0.0,2496.7651515151515,0.049937578027465665,801.0,0.09653225806451614,131,0.23579878978638988,2,circle,True
37,0.0,2433.5966386554624,0.24004424778761063,904.0,0.1301923076923077,118,0.2229875005464796,1,LHS,False
38,0.0,2488.2331838565024,0.22528735632183908,1740.0,0.14861702127659573,222,0.2135631516531431,2,LHS,True
39,0.0,2493.7368421052633,0.09080717488789238,892.0,0.16432692307692306,132,0.1962669958640363,2,circle,False
40,0.0,2466.527777777778,0.0832420591456736,913.0,0.13901515151515154,143,0.23029855828150522,1,circle,True
41,0.0,2437.0717703349283,0.484070796460177,2260.0,0.2626136363636363,208,0.10799665771118457,1,LHS,False
42,0.0,2471.926640926641,0.29818857408267535,2153.0,0.19202702702702704,258,0.14660509062806149,2,LHS,False
43,0.0,2491.6511627906975,0.08847836655323287,2057.0,0.16511904761904764,300,0.20826680129475933,1,circle,True
44,0.0,2485.285714285714,0.06989247311827956,1302.0,0.13995,216,0.22771607574219133,2,circle,False
45,0.0,2363.138613861386,0.35,860.0,0.31113636363636366,100,0.10526114380558854,1,circle,False
46,0.0,2499.9935064935066,0.12008072653884964,991.0,0.11671428571428571,153,0.23187304850644633,2,LHS,False
47,0.0,2491.1632653061224,0.07286568787384448,1839.0,0.14028169014084507,293,0.24194769745950623,1,circle,False
48,0.0,2471.895104895105,0.23573433115060805,1069.0,0.13810606060606062,142,0.2339165239299719,2,LHS,False
49,0.0,2489.8571428571427,0.13478955780500798,1877.0,0.14162698412698418,272,0.2329200299118875,1,LHS,False
50,0.0,2482.682634730539,0.21212121212121213,1188.0,0.122421875,166,0.19828104152551096,2,LHS,True
51,0.0,2472.254658385093,0.21818181818181817,2365.0,0.2775000000000001,321,0.11520839763393073,1,circle,True
52,0.0,2477.0967741935483,0.31877729257641924,1832.0,0.20198529411764704,216,0.159396429946382,1,LHS,False
53,0.0,2487.2378223495703,0.2237145049884881,2606.0,0.1862068965517241,348,0.16751615413314216,1,LHS,False
54,0.0,2276.4736842105262,0.5875933371625502,1741.0,0.27,132,0.10613951117728006,1,LHS,True
55,0.0,2472.2312925170068,0.23373287671232876,1168.0,0.16241379310344825,146,0.20508114654001997,1,LHS,True
56,0.0,2492.1844660194174,0.28936170212765955,1645.0,0.17954545454545456,205,0.1628484253247845,2,LHS,True
57,0.0,2422.07299270073,0.3046237533998187,1103.0,0.16240000000000002,136,0.18883985917906937,1,LHS,True
58,0.0,2482.179166666667,0.10620601407549585,1563.0,0.17630434782608698,239,0.19098465510221438,1,circle,False
59,0.0,2484.276422764228,0.0916030534351145,2358.0,0.14233766233766235,368,0.20922997461126314,1,circle,True
60,0.0,2487.1517615176153,0.20029509406123203,2711.0,0.25521276595744685,368,0.126980206282198,2,circle,True
61,0.0,2499.0029069767443,0.196484375,2560.0,0.15889705882352942,343,0.19906228671935153,1,LHS,True
62,0.0,2477.926108374384,0.22323166774821546,1541.0,0.21033333333333334,202,0.15187928903029568,2,LHS,True
63,0.0,2471.8194444444443,0.1305699481865285,965.0,0.16413793103448276,143,0.19936969526338538,1,circle,False
64,0.0,2478.1813186813188,0.12582508250825084,2424.0,0.17912499999999998,363,0.16278773412387154,2,circle,True
65,0.0,2482.950177935943,0.06179775280898876,1780.0,0.15431451612903227,280,0.22000799050643335,2,circle,False
66,0.0,2490.8643533123027,0.07541478129713423,1989.0,0.15253906250000002,316,0.1997843747660138,2,circle,False
67,0.0,2458.595041322314,0.38095238095238093,2184.0,0.22250000000000003,241,0.12055532863040141,2,LHS,False
68,0.0,2488.7675070028013,0.15692554043234588,2498.0,0.23475000000000001,356,0.1381760963684352,1,circle,False
69,0.0,2497.041095890411,0.3307662687716596,2597.0,0.2125,291,0.14044635940149441,1,LHS,True
70,0.0,2473.5687732342008,0.274310595065312,2067.0,0.1883720930232558,268,0.16404689910464354,1,LHS,False
71,0.0,2492.8927444794954,0.1642920747996438,2246.0,0.24306818181818182,316,0.13920015147992326,2,circle,False
72,0.0,2454.8839779005525,0.34283862605314325,1543.0,0.3175,180,0.10474703711181302,2,circle,False
73,0.0,2498.5454545454545,0.23868825238688252,2409.0,0.18725961538461536,307,0.1718632225187106,1,LHS,False
74,0.0,2495.6666666666665,0.19118220834959032,2563.0,0.1487890625,356,0.17983829963045517,1,LHS,False
75,0.0,2453.4085365853657,0.3112781954887218,1330.0,0.1969642857142858,163,0.17500856234241913,1,LHS,True
76,0.0,2486.133333333333,0.16804245283018868,1696.0,0.2329032258064516,239,0.12580175908730135,2,circle,True
77,0.0,2489.9538904899136,0.054694621695533276,2194.0,0.12641566265060242,346,0.23981075535009364,2,circle,False
78,0.0,2488.57476635514,0.21958637469586376,1644.0,0.1772368421052632,213,0.17885929710713433,1,LHS,True
79,0.0,2490.081632653061,0.12427634118101119,2591.0,0.15234375,391,0.20664675777859234,1,LHS,True
80,0.0,2462.7432432432433,0.23477648715241112,2841.0,0.265,369,0.11284019788077836,1,circle,True
81,0.0,2472.2700421940926,0.3986425339366516,2210.0,0.25785714285714284,236,0.12262378576520563,2,LHS,False
82,0.0,2461.5882352941176,0.3041845493562232,1864.0,0.20937500000000003,220,0.14905744419079625,1,LHS,False
83,0.0,2493.898916967509,0.06685552407932012,1765.0,0.1808173076923077,276,0.18550663054989863,2,circle,True
84,0.0,2445.161616161616,0.46455576559546313,2116.0,0.26125000000000004,197,0.10476331424838421,2,LHS,True
85,0.0,2457.9469026548672,0.15019255455712452,779.0,0.2026470588235294,112,0.14305236274287617,1,circle,True
86,0.0,2482.1476923076925,0.2058444348947142,2327.0,0.1605701754385965,324,0.17672353173323863,1,LHS,True
87,0.0,2464.566371681416,0.13780025284450062,791.0,0.14489583333333333,112,0.21858813195389448,2,LHS,True
88,0.0,2417.6666666666665,0.406480117820324,1358.0,0.3208928571428572,137,0.1006295619461024,1,circle,True
89,0.0,2487.6927374301677,0.24231332357247437,1366.0,0.1923148148148148,178,0.15702633918663111,2,LHS,False
90,0.0,2478.5064935064934,0.1301402999516207,2067.0,0.19755102040816325,307,0.1569624474837056,1,circle,False
91,0.0,2474.7739130434784,0.23606168446026096,1686.0,0.1533854166666667,229,0.2122968266871127,1,LHS,True
92,0.0,2497.1065088757396,0.2941580756013746,1455.0,0.18723214285714285,168,0.17072425585707113,2,LHS,False
93,0.0,2496.4986595174264,0.20079165167326377,2779.0,0.16823943661971835,372,0.1930162509427621,2,LHS,True
94,0.0,2495.623076923077,0.12338425381903642,851.0,0.18647727272727277,129,0.16337156996023117,1,circle,False
95,0.0,2483.8520547945204,0.2768976897689769,3030.0,0.21669811320754717,364,0.14736426429523508,1,LHS,False
96,0.0,2470.7090909090907,0.22673964034401878,1279.0,0.16765625,164,0.19818980255142937,1,LHS,True
97,0.0,2480.212962962963,0.2675736961451247,882.0,0.24267857142857144,107,0.12550752446729638,2,circle,False
98,0.0,2493.8172588832485,0.20415472779369628,1396.0,0.22020833333333334,196,0.12102515863359938,2,circle,False
99,0.0,2498.695431472081,0.1589988958410011,2717.0,0.14667682926829267,393,0.21102276711693047,2,LHS,False
100,0.0,2467.586102719033,0.12699135184342286,2197.0,0.21450980392156863,330,0.1521340002811211,1,circle,True
101,0.0,2479.497737556561,0.24062877871825877,1654.0,0.1813513513513514,220,0.17073221498169563,2,LHS,True
102,0.0,2486.6666666666665,0.23344051446945338,1555.0,0.17696969696969694,194,0.17467084908689312,2,LHS,True
103,0.0,2483.595744680851,0.344652963955913,3357.0,0.24722222222222218,375,0.12066926216862703,1,LHS,False
104,0.0,2488.1493670886075,0.08404040404040404,2475.0,0.11770833333333335,394,0.245836025292871,1,LHS,True
105,0.0,2488.978723404255,0.056372549019607844,2040.0,0.12524691358024692,328,0.24390758596849313,1,circle,True
106,0.0,2468.1666666666665,0.22033898305084745,1239.0,0.16765625,161,0.2036227933682,1,LHS,False
107,0.0,2480.0962343096235,0.07612231620039037,1537.0,0.12175,238,0.24820861300705824,1,circle,False
108,0.0,2492.8547008547007,0.15269086357947434,2397.0,0.1339527027027027,350,0.21318354592492256,1,LHS,True
109,0.0,2493.141274238227,0.15209721677773422,2551.0,0.16802816901408452,360,0.1983384918158596,1,LHS,True
110,0.0,2494.5415019762845,0.10864345738295318,1666.0,0.1784895833333333,252,0.1867107509629493,2,circle,False
111,0.0,2485.309139784946,0.18234610917537747,2583.0,0.25982954545454545,371,0.11692234825903382,2,circle,True
112,0.0,2495.8327137546466,0.1266233766233766,1848.0,0.22931249999999997,268,0.1478836473245258,1,circle,False
113,0.0,2486.394472361809,0.21701561980724493,3009.0,0.2984756097560976,397,0.1029991497053221,1,circle,True
114,0.0,2481.635922330097,0.05529595015576324,1284.0,0.13354999999999997,205,0.2427765081445599,1,circle,True
115,0.0,2496.242587601078,0.29936091490077366,2973.0,0.2083,370,0.13769702389178062,2,LHS,False
116,0.0,2486.4507772020725,0.13127413127413126,1295.0,0.17405405405405405,192,0.19248457389742873,1,circle,True
117,0.0,2444.4957264957266,0.36994485294117646,2176.0,0.25401785714285713,233,0.12314770264970089,1,LHS,False
118,0.0,2488.0515463917527,0.08862786972770956,1873.0,0.16550925925925927,290,0.18545931324893078,1,circle,True
119,0.0,2472.9761904761904,0.39027431421446385,3208.0,0.2933125,335,0.12153421303716273,2,LHS,False
120,0.0,2433.818181818182,0.4178117048346056,1965.0,0.21343749999999997,197,0.12233127999729809,1,LHS,False
121,0.0,2362.716814159292,0.3572170301142264,963.0,0.20166666666666666,112,0.135817216451633,1,LHS,False
122,0.0,2486.389175257732,0.21803222488858418,2917.0,0.19806451612903225,387,0.16081035897725504,2,LHS,False
123,0.0,2473.2724719101125,0.07928164695575997,2283.0,0.13637195121951218,355,0.2293465303618341,2,circle,True
124,0.0,2478.1619047619047,0.2600690448791715,1738.0,0.17506249999999998,209,0.19529053950692526,1,LHS,False
125,0.0,2487.783625730994,0.05,1060.0,0.1302027027027027,170,0.21458794873497417,2,circle,True
126,0.0,2419.303703703704,0.27338782924613986,1101.0,0.37267857142857147,134,0.10240967319217453,2,circle,True
127,0.0,2471.2678571428573,0.27979274611398963,2316.0,0.16955882352941173,279,0.18598922645256444,1,LHS,True
128,0.0,2495.3425,0.11883067577828398,2634.0,0.18347014925373134,399,0.1674970166307935,1,circle,True
129,0.0,2488.0397350993376,0.06925498426023086,953.0,0.12935714285714286,150,0.22828130044414235,1,circle,True
130,0.0,2499.9973333333332,0.14274570982839313,2564.0,0.1263505747126437,374,0.2339913628530187,1,LHS,True
131,0.0,2497.1647727272725,0.10614035087719298,1140.0,0.17600000000000002,175,0.19873483074550813,2,circle,True
132,0.0,2485.3641304347825,0.15150346954510407,2594.0,0.20187499999999997,367,0.173628729057342,1,circle,False
133,0.0,2456.578431372549,0.28896882494004794,1668.0,0.17953125,203,0.16120431084703302,2,LHS,False
134,0.0,2484.1396396396394,0.05298507462686567,1340.0,0.13452830188679246,221,0.23609334913578736,1,circle,True
135,0.0,2472.5242718446602,0.10172143974960876,639.0,0.1565,102,0.19539197170858968,2,circle,False
136,0.0,2487.3764705882354,0.06120434353405726,1013.0,0.1373076923076923,169,0.22993265956599626,2,circle,True
137,0.0,2438.0689655172414,0.41998306519898393,2362.0,0.2520535714285714,231,0.1244877144602259,1,LHS,True
138,0.0,2486.1042944785277,0.2521704814522494,2534.0,0.31794117647058817,325,0.10369964021900226,2,circle,False
139,0.0,2491.4250764525996,0.13990103463787673,2223.0,0.12194078947368421,326,0.2351680112840062,2,LHS,True
140,0.0,2484.3117647058825,0.163844199830652,2362.0,0.16484615384615384,339,0.1925330196011349,2,LHS,True
141,0.0,2484.509900990099,0.10437956204379562,1370.0,0.12564999999999998,201,0.24983040443460908,2,LHS,False
142,0.0,2499.9958333333334,0.15442020665901263,1742.0,0.12297413793103448,239,0.24294870898838467,1,LHS,True
143,0.0,2499.9956896551726,0.1528700906344411,1655.0,0.12154545454545455,231,0.24136429620320354,2,LHS,False
144,0.0,2478.994082840237,0.11577028258887875,1097.0,0.1534375,168,0.18615413877455736,2,circle,True
145,0.0,2461.8322147651006,0.2014519056261343,1102.0,0.116328125,148,0.2209009470368452,1,LHS,True
146,0.0,2496.843537414966,0.12122844827586207,1856.0,0.1634313725490196,293,0.17152879631789078,1,circle,True
147,0.0,2484.6983240223462,0.15359741309620048,1237.0,0.1728225806451613,178,0.16907138660863374,2,circle,False
148,0.0,2470.3783783783783,0.1619190404797601,1334.0,0.15013513513513513,184,0.20409295071500072,1,LHS,True
149,0.0,2485.3727272727274,0.17752234993614305,783.0,0.16954545454545455,109,0.195965830065439,2,circle,False
150,0.0,2488.1116883116883,0.07898957497995189,2494.0,0.15271875,384,0.20638564589970054,1,circle,False
151,0.0,2492.375796178344,0.12,2025.0,0.14750000000000002,313,0.18989660051982737,2,LHS,True
152,0.0,2496.673333333333,0.1956896551724138,1160.0,0.16375,149,0.21689516095996375,2,LHS,True
153,0.0,2476.5736040609136,0.25839793281653745,1548.0,0.21017857142857146,196,0.14739687207650112,2,LHS,False
154,0.0,2494.367213114754,0.13378248315688163,2078.0,0.21650000000000003,304,0.1448626365451449,2,circle,True
155,0.0,2495.754491017964,0.07407407407407407,2025.0,0.12233552631578946,333,0.22752875730900296,2,circle,False
156,0.0,2393.367924528302,0.3665254237288136,944.0,0.21233333333333332,105,0.15011687564841267,1,LHS,False
157,0.0,2469.2118644067796,0.2974683544303797,1580.0,0.39480769230769225,117,0.10620256970839567,2,circle,False
158,0.0,2499.9954545454543,0.1583652618135377,1566.0,0.12199074074074075,219,0.24919243222444362,1,LHS,True
159,0.0,2491.4149659863947,0.0696068012752391,1882.0,0.14158450704225353,293,0.2395597966070691,1,circle,True
160,0.0,2459.8504672897197,0.04327666151468315,647.0,0.13712962962962963,106,0.24962727015241556,1,circle,False
161,0.0,2494.7960526315787,0.28286852589641437,1255.0,0.1559375,151,0.2129478709856357,2,LHS,True
162,0.0,2486.9615384615386,0.1659132007233273,2212.0,0.22545454545454546,311,0.13976908289519585,1,circle,False
163,0.0,2489.5750636132316,0.09119373776908024,2555.0,0.16227272727272732,392,0.196301106390724,2,circle,False
164,0.0,2489.5494505494507,0.078397212543554,2296.0,0.135632183908046,363,0.23786244231986065,2,circle,True
165,0.0,2476.425806451613,0.1410373066424022,1099.0,0.20060000000000003,154,0.15863602238874897,1,circle,False
166,0.0,2479.841530054645,0.20305343511450383,2620.0,0.19168032786885245,365,0.16745684503551622,1,LHS,False
167,0.0,2457.1363636363635,0.1265017667844523,1415.0,0.1402941176470588,219,0.23728805791686142,1,LHS,False
168,0.0,2487.4143222506395,0.08326596604688763,2474.0,0.12833333333333335,390,0.2052943137703337,2,circle,False
169,0.0,2446.874213836478,0.32583454281567487,1378.0,0.19782608695652176,158,0.14886432690772422,2,LHS,False
170,0.0,2487.0,0.2255952380952381,1680.0,0.16993902439024391,224,0.18639711559627897,1,LHS,False
171,0.0,2473.211267605634,0.10011376564277588,879.0,0.1023529411764706,141,0.2358388290960633,1,circle,False
172,0.0,2462.4327485380118,0.25413966882649386,1389.0,0.16991935483870965,170,0.18371143351492464,1,LHS,True
173,0.0,2484.0117302052786,0.1418007829491083,2299.0,0.13414473684210526,340,0.22506829522799954,1,LHS,False
174,0.0,2493.4054878048782,0.1347291761492945,2197.0,0.21130434782608698,327,0.1390351138912803,2,circle,False
175,0.0,2498.101818181818,0.12179487179487179,1872.0,0.17816326530612245,274,0.17533117727511033,2,circle,False
176,0.0,2441.4469273743016,0.2341678939617084,1358.0,0.17015151515151516,178,0.18931376286670348,1,LHS,False
177,0.0,2487.5110410094635,0.29336437718277064,2577.0,0.19891304347826083,316,0.14809079388583984,1,LHS,False
178,0.0,2433.1878453038676,0.23890532544378698,1352.0,0.16558333333333336,180,0.17115342144085155,1,LHS,False
179,0.0,2478.75,0.15746971736204576,1486.0,0.16119318181818182,215,0.2076621917209774,1,LHS,False
180,0.0,2482.722807017544,0.3259167696744953,2427.0,0.23796052631578948,284,0.1366390804794656,1,LHS,False
181,0.0,2489.608695652174,0.1851393188854489,1615.0,0.23591666666666666,229,0.1303394906310275,1,circle,False
182,0.0,2489.563002680965,0.10402275497765136,2461.0,0.1610333333333333,372,0.19976951602958698,1,circle,False
183,0.0,2475.5033112582782,0.17107750472589792,1058.0,0.14766666666666667,150,0.20161958709807898,2,LHS,False
184,0.0,2485.908256880734,0.10802919708029197,685.0,0.12759615384615383,108,0.2405932043003862,1,circle,False
185,0.0,2480.3618421052633,0.13030602171767028,1013.0,0.11848484848484848,151,0.2222170790940598,1,LHS,True
186,0.0,2483.1322957198445,0.19308208569953536,1937.0,0.23892857142857146,256,0.13383291359187685,1,circle,True
187,0.0,2494.016806722689,0.3371212121212121,2112.0,0.2175,237,0.13825950236578352,2,LHS,False
188,0.0,2474.4166666666665,0.2962962962962963,1701.0,0.21219696969696972,203,0.16739633304404644,1,LHS,False
189,0.0,2493.1677419354837,0.21967213114754097,1220.0,0.2176136363636364,154,0.14141284874018364,2,circle,False
190,0.0,2480.16835016835,0.12981243830207306,2026.0,0.20119999999999996,296,0.1672309686836912,1,circle,False
191,0.0,2349.178082191781,0.5009063444108761,1655.0,0.32589285714285715,145,0.1026342924611103,2,LHS,True
192,0.0,2486.52296819788,0.27106382978723403,2350.0,0.19455555555555556,282,0.16187122495783832,2,LHS,True
193,0.0,2298.2100840336134,0.3463414634146341,1025.0,0.21015625,118,0.1438976341238402,1,LHS,True
194,0.0,2493.9291553133517,0.1464485235434956,2506.0,0.2060377358490566,366,0.1425429632306694,1,circle,False
195,0.0,2479.96174863388,0.2543675751222921,1431.0,0.2430952380952381,182,0.11467329369004656,2,circle,False
196,0.0,2469.5588235294117,0.16462480857580397,2612.0,0.2498039215686274,373,0.13448230847595669,1,circle,True
197,0.0,2499.996062992126,0.17926089354660782,1813.0,0.14129464285714285,253,0.22219640362003257,1,LHS,True
198,0.0,2472.2754491017963,0.07844104588061174,2027.0,0.14759259259259258,333,0.2419627439462808,2,circle,False
199,0.0,2467.005,0.42021803766105054,2018.0,0.23528846153846156,199,0.13122773005983562,2,LHS,False
200,0.0,2385.8924050632913,0.4231770833333333,1536.0,0.269375,157,0.12951651044965282,1,LHS,False
201,0.0,2483.4848484848485,0.08065843621399177,1215.0,0.16256944444444446,197,0.18107206921774927,2,circle,True
202,0.0,2477.1870503597124,0.19503722084367245,2015.0,0.23191176470588232,277,0.1192396889730038,2,circle,True
203,0.0,2486.401534526854,0.08020545239035955,2531.0,0.13477272727272727,390,0.2249141565806902,1,circle,False
204,0.0,2490.217391304348,0.09513742071881606,1419.0,0.18488372093023256,206,0.20862334221502288,1,circle,False
205,0.0,2462.9111747851002,0.33235772357723575,3075.0,0.2630357142857143,348,0.12089066589744224,1,LHS,True
206,0.0,2480.271186440678,0.09066666666666667,1875.0,0.15232456140350878,294,0.19288529443574443,2,circle,True
207,0.0,2490.375,0.07011331444759207,1412.0,0.13956730769230768,215,0.2407456478363188,1,circle,True
208,0.0,2494.141818181818,0.09688013136288999,1827.0,0.18988888888888894,274,0.16405643360018102,2,circle,True
209,0.0,2489.8526785714284,0.2201729106628242,1735.0,0.27379310344827584,223,0.12979660203352641,2,circle,False
210,0.0,2457.984251968504,0.05874894336432798,2366.0,0.12318421052631577,380,0.24884083444453423,1,circle,True
211,0.0,2488.7028985507245,0.05979869745411486,1689.0,0.13830645161290325,275,0.22192765632436195,2,circle,True
212,0.0,2486.568,0.097708082026538,829.0,0.14805555555555555,124,0.21469020840514205,1,circle,True
213,0.0,2492.0970350404314,0.15058365758754863,2570.0,0.1462962962962963,370,0.21907918497694034,2,LHS,True
214,0.0,2471.9112903225805,0.34289680703378067,2161.0,0.23477941176470588,247,0.14121899400899432,2,LHS,True
215,0.0,2491.69801980198,0.08421052631578947,1330.0,0.16025,201,0.1958168735508422,1,circle,True
216,0.0,2471.92972972973,0.09982935153583618,1172.0,0.12333333333333335,184,0.2099104812583858,1,circle,True
217,0.0,2484.9602888086642,0.14323748668796593,1878.0,0.24105263157894732,276,0.13704279558964066,1,circle,True
218,0.0,2445.78125,0.44919786096256686,2618.0,0.24661290322580645,255,0.12477431173263714,1,LHS,True
219,0.0,2492.2638888888887,0.3217869860796374,3089.0,0.21947916666666667,359,0.13477643397975853,2,LHS,False
220,0.0,2494.42385786802,0.07969563476171405,2497.0,0.12890625,393,0.24343893051297127,1,circle,False
221,0.0,2492.0091185410333,0.12069736253911488,2237.0,0.16922131147540984,328,0.18361052382989967,2,circle,False
222,0.0,2471.9329896907216,0.1577424023154848,1382.0,0.1383139534883721,193,0.22610906376891476,1,LHS,False
223,0.0,2334.909090909091,0.40886203423967776,993.0,0.19453125,109,0.155436022071177,1,LHS,False
224,0.0,2489.244680851064,0.12538699690402477,1292.0,0.1644285714285714,187,0.18299958229387214,2,circle,False
225,0.0,2478.204620462046,0.25892857142857145,2464.0,0.23162499999999997,302,0.1331439938635427,2,LHS,False
226,0.0,2449.608695652174,0.14853801169590644,855.0,0.1977173913043478,114,0.19515110364311078,2,circle,True
227,0.0,2195.6666666666665,0.5523932729624839,1546.0,0.2738461538461539,128,0.10852283347209922,1,LHS,False
228,0.0,2486.3478260869565,0.052947052947052944,2002.0,0.11641975308641975,321,0.24978461244681843,1,circle,False
229,0.0,2481.375,0.1117717003567182,841.0,0.16508928571428574,127,0.21708645025987797,2,circle,True
230,0.0,2489.55,0.1722723543888433,1219.0,0.12994186046511627,179,0.2455311126288249,1,LHS,False
231,0.0,2375.8993710691825,0.5050993022007515,1863.0,0.2979166666666667,158,0.11447263226568424,1,LHS,False
232,0.0,2486.368731563422,0.10894235133908307,2203.0,0.1283734939759036,338,0.24740754328848766,1,LHS,False
233,0.0,2495.0374531835205,0.07435158501440922,1735.0,0.15228813559322035,266,0.22131617183412008,2,circle,True
234,0.0,2492.7571428571428,0.10639827462257369,1391.0,0.17695945945945946,209,0.175497944515724,1,circle,False
235,0.0,2491.7518248175184,0.14015572858731926,899.0,0.20142857142857146,136,0.15428566916658282,2,circle,True
236,0.0,2476.859259259259,0.0975609756097561,820.0,0.13701923076923078,134,0.18820769896219466,2,circle,False
237,0.0,2493.758208955224,0.1571489909832546,2329.0,0.16083333333333333,334,0.1984553680014833,1,LHS,True
238,0.0,2434.825842696629,0.369949494949495,1584.0,0.26212499999999994,177,0.11520428999393781,2,LHS,True
239,0.0,2488.1834061135373,0.16279069767441862,1634.0,0.1559,228,0.22153153682175636,1,LHS,False
240,0.0,2489.009009009009,0.05089820359281437,1336.0,0.11822727272727275,221,0.24544192843545154,1,circle,False
241,0.0,2484.9944134078214,0.10770577933450087,1142.0,0.1970967741935484,178,0.1729597667101297,2,circle,False
242,0.0,2493.0157068062827,0.10364372469635627,2470.0,0.11867021276595743,381,0.24777644131802395,2,LHS,True
243,0.0,2478.230179028133,0.4850678733031674,4420.0,0.30323863636363635,390,0.11305938836922726,1,LHS,True
244,0.0,2468.9523809523807,0.05669083717864205,1517.0,0.13120689655172413,251,0.2300335485216085,1,circle,True
245,0.0,2488.435,0.11764705882352941,2720.0,0.19333333333333336,399,0.16513160915751035,1,circle,True
246,0.0,2475.4933687002654,0.1579954093343535,2614.0,0.12223529411764707,376,0.22821452000393716,1,LHS,False
247,0.0,2495.6021505376343,0.1543914927136668,2539.0,0.1281707317073171,371,0.22361714534899135,1,LHS,True
248,0.0,2493.784574468085,0.11142857142857143,2450.0,0.1852155172413793,375,0.15429261014236936,2,circle,True
249,0.0,2469.595744680851,0.07336827060505002,2099.0,0.15406250000000002,328,0.21677295920186018,2,circle,False
250,0.0,2498.635854341737,0.18566392479435959,2553.0,0.18379032258064518,356,0.17515856877205327,2,LHS,False
251,0.0,2485.9059139784945,0.36245857185899366,3319.0,0.24732142857142855,371,0.11426621598334943,2,LHS,True
252,0.0,2486.289544235925,0.08757549611734254,2318.0,0.13746913580246914,372,0.21644574965225588,2,circle,True
253,0.0,2496.901360544218,0.20413793103448277,2175.0,0.17240384615384613,293,0.17950968597113337,2,LHS,True
254,0.0,2497.3788300835654,0.16545939763629433,2623.0,0.20512295081967216,358,0.17068114714134203,2,LHS,True
255,0.0,2493.96282527881,0.363265306122449,2450.0,0.26257352941176465,268,0.12927154530854676,2,LHS,True
256,0.0,2447.975,0.34258373205741627,1045.0,0.19736842105263158,119,0.1649671732403209,2,LHS,True
257,0.0,2481.782222222222,0.2627653471026965,1743.0,0.1324,224,0.22569345702919144,1,LHS,True
258,0.0,2476.10460251046,0.24049914917753829,1763.0,0.19499999999999998,238,0.16420717560062859,2,LHS,True
259,0.0,2489.6822742474915,0.20544090056285177,2132.0,0.14783653846153846,298,0.17573311246576023,2,LHS,True
260,0.0,2499.995260663507,0.054858934169279,1276.0,0.1346875,210,0.22853170305766257,2,circle,True
261,0.0,2493.6349809885933,0.2742382271468144,2166.0,0.20052631578947366,262,0.14628912615711104,2,LHS,False
262,0.0,2491.1513513513514,0.04460303300624442,1121.0,0.12772727272727272,184,0.2351273994813937,2,circle,False
263,0.0,2446.1448275862067,0.1149789029535865,948.0,0.1807291666666667,144,0.16072626630778836,1,circle,False
264,0.0,2466.2451612903224,0.2754237288135593,1180.0,0.2642105263157895,154,0.1176887012236786,2,circle,False
265,0.0,2483.5868852459016,0.16781496062992127,2032.0,0.14467741935483872,304,0.20537554518789403,2,LHS,False
266,0.0,2326.0797872340427,0.5650924024640657,2435.0,0.355,187,0.10495245166500178,1,LHS,False
267,0.0,2481.7697841726617,0.1616580310880829,965.0,0.23837499999999995,138,0.13815117886517786,2,circle,True
268,0.0,2497.6428571428573,0.24347826086956523,1150.0,0.15086206896551724,139,0.21341911992859713,2,LHS,False
269,0.0,2493.8464285714285,0.09844836811128946,1869.0,0.16,279,0.18101351684821862,2,circle,True
270,0.0,2474.8598484848485,0.2528007793472966,2053.0,0.34592592592592597,263,0.10038223144383274,2,circle,True
271,0.0,2478.2369477911648,0.2468944099378882,1932.0,0.2626851851851852,248,0.10866637914962829,2,circle,False
272,0.0,2490.5925925925926,0.09840674789128398,1067.0,0.17699999999999996,161,0.18239235769036516,2,circle,True
273,0.0,2473.5761589403974,0.24477351916376305,1148.0,0.3004411764705882,150,0.10947160518884727,1,circle,False
274,0.0,2423.8613138686133,0.4505208333333333,1536.0,0.25279411764705884,136,0.13036565921876161,2,LHS,False
275,0.0,2478.971631205674,0.2521891418563923,1142.0,0.16774193548387098,140,0.22306307677438436,2,LHS,True
276,0.0,2484.477386934673,0.2183377308707124,1516.0,0.18955882352941178,198,0.1747951347996084,1,LHS,False
277,0.0,2482.9146341463415,0.08137254901960785,1020.0,0.13773437500000002,163,0.19130586679904396,2,circle,False
278,0.0,2493.3801916932907,0.16264236902050114,2195.0,0.13725352112676056,312,0.22865037777326944,2,LHS,True
279,0.0,2492.788235294118,0.09648331830477908,2218.0,0.1604296875,339,0.18712694751045605,2,circle,False
280,0.0,2477.7972222222224,0.33814756671899526,3185.0,0.22802083333333334,359,0.13396546968259238,2,LHS,False
281,0.0,2486.062937062937,0.06599552572706935,1788.0,0.14629166666666668,285,0.20919439603832424,2,circle,False
282,0.0,2484.9523809523807,0.20297029702970298,1212.0,0.28137499999999993,167,0.11948039805933995,2,circle,True
283,0.0,2478.9135802469136,0.10625,1600.0,0.14375,242,0.20593742358181524,1,circle,False
284,0.0,2482.478873239437,0.11171366594360087,922.0,0.13553030303030303,141,0.227298597335819,1,circle,True
285,0.0,2497.442528735632,0.16334991708126037,1206.0,0.14631944444444445,173,0.21332866726039984,2,LHS,False
286,0.0,2452.217777777778,0.39917317409278824,2177.0,0.2295689655172414,224,0.13286913304518433,1,LHS,False
287,0.0,2465.4351464435144,0.1275252525252525,1584.0,0.12551724137931036,238,0.2448330514493024,1,LHS,True
288,0.0,2487.8327868852457,0.06811145510835913,1938.0,0.13105263157894737,304,0.24882378415726122,1,circle,True
289,0.0,2497.585507246377,0.07654867256637168,2260.0,0.14631944444444445,344,0.2074824598532728,1,circle,False
290,0.0,2485.119691119691,0.23449612403100775,2064.0,0.2812903225806452,258,0.11677113879008472,2,circle,False
291,0.0,2497.1708074534163,0.1424682395644283,2204.0,0.15167910447761193,321,0.2092050243684811,2,LHS,False
292,0.0,2483.1173708920187,0.15217391304347827,1472.0,0.23549999999999996,212,0.13798543459388704,1,circle,True
293,0.0,2465.189024390244,0.2537080405932865,1281.0,0.18803571428571428,163,0.17437820697154255,1,LHS,False
294,0.0,2487.140522875817,0.059893048128342244,1870.0,0.1467910447761194,305,0.21820699998417853,2,circle,True
295,0.0,2487.6304347826085,0.05518112889637742,2374.0,0.13198863636363636,367,0.23814511491802912,1,circle,True
296,0.0,2486.6256157635466,0.08606856309263311,1371.0,0.18585714285714286,202,0.16833024942269867,2,circle,True
297,0.0,2494.53164556962,0.12900188323917136,1062.0,0.14532258064516132,157,0.19657315817992493,2,circle,True
298,0.0,2490.502392344498,0.09117221418234443,1382.0,0.14708333333333332,208,0.227365362340398,1,circle,True
299,0.0,2487.815286624204,0.18545929473225947,2297.0,0.16470833333333335,313,0.1922490948528906,1,LHS,False
300,0.0,2467.5914285714284,0.3839259037944428,3347.0,0.2767948717948718,349,0.11322215400808631,2,LHS,True
301,0.0,2484.6326530612246,0.14207848837209303,2752.0,0.2508673469387755,391,0.12448861335420372,2,circle,False
302,0.0,2480.1878306878307,0.17016405951926747,2621.0,0.22697115384615388,377,0.1374519711427376,2,circle,True
303,0.0,2474.910652920962,0.17661691542288557,2010.0,0.15142241379310345,290,0.2022140027039167,2,LHS,False
304,0.0,2486.664516129032,0.13764988009592327,2085.0,0.1559375,309,0.20779649869419475,2,LHS,False
305,0.0,2487.100418410042,0.19254658385093168,1771.0,0.17202127659574465,238,0.19796321910174425,2,LHS,False
306,0.0,2470.1014492753625,0.2630597014925373,1072.0,0.16899999999999998,137,0.18802783998185968,2,LHS,False
307,0.0,2495.6285714285714,0.1249450065992081,2273.0,0.14231012658227848,349,0.228281315636224,1,LHS,False
308,0.0,2479.9126637554587,0.14350945857795172,1533.0,0.11759259259259258,228,0.23868970101880976,1,LHS,False
309,0.0,2467.240740740741,0.09041095890410959,730.0,0.227,107,0.1778985054952824,2,circle,False
310,0.0,2484.2377049180327,0.11372381359555365,2339.0,0.17902542372881355,365,0.16152860881891334,1,circle,True
311,0.0,2470.444055944056,0.2393992932862191,2264.0,0.25859375,285,0.11065479014380747,2,circle,True
312,0.0,2494.095238095238,0.13309716599190283,1976.0,0.19401041666666666,293,0.16372177588860148,2,circle,True
313,0.0,2262.5533980582522,0.5290322580645161,1240.0,0.2716666666666667,102,0.12090029236487218,1,LHS,True
314,0.0,2469.840336134454,0.2239297475301866,911.0,0.1589583333333333,118,0.20387996432741,1,LHS,True
315,0.0,2482.20424403183,0.37528409090909093,3520.0,0.2470108695652174,376,0.12322859062303848,2,LHS,False
316,0.0,2476.0905172413795,0.1513157894736842,1520.0,0.17215909090909093,231,0.19108226936442083,1,LHS,True
317,0.0,2495.4733333333334,0.09204368174726989,1923.0,0.19388297872340424,299,0.15406623993824736,2,circle,True
318,0.0,2481.2115869017634,0.12218890554722639,2668.0,0.20049999999999998,396,0.1387720478733992,1,circle,True
319,0.0,2493.836363636364,0.24823805794831635,2554.0,0.17906779661016944,329,0.1815616206781026,1,LHS,False
320,0.0,2477.782608695652,0.1091901728844404,1099.0,0.17500000000000004,160,0.1912773402474875,2,circle,False
321,0.0,2491.6013513513512,0.15828770532603284,2009.0,0.12270833333333335,295,0.24541914274745216,1,LHS,False
322,0.0,2394.5560538116592,0.4273188740193816,2167.0,0.30210000000000004,222,0.116013912447875,1,LHS,False
323,0.0,2458.25,0.5340937896070976,3945.0,0.32890625,307,0.10719203130742967,2,LHS,True
324,0.0,2463.407894736842,0.23347280334728032,1195.0,0.19008620689655176,151,0.194202189667587,1,LHS,True
325,0.0,2488.051470588235,0.05555555555555555,1638.0,0.14625000000000002,271,0.2427387179076033,2,circle,True
326,0.0,2489.6188524590166,0.3385036496350365,2192.0,0.24362903225806457,243,0.13118042308450922,2,LHS,True
327,0.0,2497.8146341463416,0.056962025316455694,1264.0,0.16263157894736846,204,0.18484255109122133,2,circle,False
328,0.0,2224.6036036036035,0.4795474325500435,1149.0,0.32386363636363635,110,0.10333352290572467,1,LHS,False
329,0.0,2479.8768472906404,0.29697986577181207,1788.0,0.2728846153846154,202,0.12575711683808521,1,circle,False
330,0.0,2485.7975206611573,0.1497851442602824,1629.0,0.131,241,0.23069266594964194,1,LHS,True
331,0.0,2493.185792349727,0.07019064124783363,1154.0,0.1296022727272727,182,0.2409138059399355,1,circle,False
332,0.0,2491.3446601941746,0.06338028169014084,1278.0,0.13549019607843138,205,0.24575663683633595,1,circle,False
333,0.0,2493.2453333333333,0.12089249492900608,2465.0,0.21027272727272725,374,0.14502436891283926,2,circle,False
334,0.0,2478.8312020460357,0.18578465869106264,2842.0,0.2892613636363637,390,0.11134826167914008,2,circle,True
335,0.0,2482.0562248995984,0.1436814772071552,1733.0,0.18512195121951222,248,0.16272129242325867,1,circle,True
336,0.0,2496.6518218623482,0.05375647668393782,1544.0,0.15933035714285712,246,0.2254285107842235,1,circle,False
337,0.0,2489.08658008658,0.25792349726775954,1830.0,0.28741071428571424,230,0.12018560819776708,2,circle,True
338,0.0,2444.0482758620687,0.25346020761245674,1156.0,0.19192307692307692,144,0.18262132903391437,2,LHS,False
339,0.0,2495.682608695652,0.07306889352818371,1437.0,0.18478260869565213,229,0.1997223903901711,2,circle,True
340,0.0,2480.9247311827958,0.12197159565580618,1197.0,0.18158333333333337,185,0.15753934805209752,1,circle,False
341,0.0,2487.705882352941,0.10591603053435114,2096.0,0.16127049180327865,322,0.18699414034706419,2,circle,True
342,0.0,2472.0569620253164,0.45440494590417313,3235.0,0.30421875,315,0.10464282482023546,1,LHS,True
343,0.0,2476.687747035573,0.11841326228537596,1689.0,0.18309523809523812,252,0.163015064938578,2,circle,True
344,0.0,2480.85140562249,0.17978782802903406,1791.0,0.15668478260869562,248,0.1887121989489613,1,LHS,True
345,0.0,2497.103448275862,0.17831215970961886,2204.0,0.1488671875,318,0.20250920459730476,2,LHS,True
346,0.0,2488.6761904761906,0.11386374464030491,2099.0,0.13316901408450704,314,0.2277033790589107,2,LHS,False
347,0.0,2499.996138996139,0.14077952297847585,1719.0,0.1205241935483871,258,0.24162265671681116,2,LHS,False
348,0.0,2312.0555555555557,0.4719416386083053,1782.0,0.3329411764705882,161,0.110514130147113,1,LHS,False
349,0.0,2472.6768292682927,0.2911849710982659,1384.0,0.22260000000000002,163,0.15451347299371185,2,LHS,True
350,0.0,2456.8609022556393,0.417995444191344,2634.0,0.28841666666666665,265,0.11530423471125936,2,LHS,True
351,0.0,2496.358757062147,0.2787857641311933,2866.0,0.18040909090909094,353,0.15639004332554252,1,LHS,True
352,0.0,2495.258785942492,0.06183932346723044,1892.0,0.12462837837837835,312,0.2344380032140017,1,circle,False
353,0.0,2499.996794871795,0.056381342901076374,1951.0,0.13496621621621624,311,0.23637429934502513,2,circle,True
354,0.0,2488.418397626113,0.053630754627432366,2107.0,0.1376219512195122,336,0.24328394987423657,1,circle,False
355,0.0,2445.942028985507,0.2188118811881188,1010.0,0.1890625,137,0.17848769614861631,2,LHS,True
356,0.0,2497.4794952681386,0.09519087754090233,2017.0,0.12647435897435896,316,0.2485262051490838,2,LHS,True
357,0.0,2477.72,0.32663989290495316,2988.0,0.25231250000000005,349,0.11465418065308677,1,LHS,False
358,0.0,2497.3409836065575,0.13304514889529298,2082.0,0.21744047619047616,304,0.1370478759510394,1,circle,True
359,0.0,2416.711111111111,0.5086438724548598,2603.0,0.2768478260869565,224,0.10295459468667155,1,LHS,False
360,0.0,2488.6233333333334,0.11044477761119441,2001.0,0.14143939393939392,299,0.22117644636285216,2,LHS,True
361,0.0,2485.2258064516127,0.11284599006387509,1409.0,0.14488888888888887,216,0.20378737048425516,1,circle,True
362,0.0,2252.3839285714284,0.3698193411264612,941.0,0.20500000000000002,111,0.12987318582411306,1,LHS,False
363,0.0,2434.494845360825,0.4476003917727718,3063.0,0.3222413793103448,290,0.10166202632251015,1,LHS,True
364,0.0,2482.391304347826,0.045600513808606295,1557.0,0.12004545454545457,252,0.21538864168673727,2,circle,False
365,0.0,2498.2340425531916,0.18570375829034635,1357.0,0.12427777777777778,187,0.24131194309308693,2,LHS,True
366,0.0,2453.145728643216,0.31971995332555425,1714.0,0.20303030303030303,198,0.1693700816944728,1,LHS,True
367,0.0,2493.423645320197,0.14254859611231102,1389.0,0.1344886363636364,202,0.2193756698006744,1,LHS,True
368,0.0,2492.9817629179333,0.17565290648694187,2374.0,0.16098484848484848,328,0.2019441106947363,2,LHS,False
369,0.0,2332.099099099099,0.5462490895848507,1373.0,0.23233333333333334,110,0.14414355912411053,1,LHS,False
370,0.0,2370.6393442622953,0.15985130111524162,807.0,0.1981818181818182,121,0.18459692399822253,2,LHS,False
371,0.0,2483.207920792079,0.06666666666666667,1260.0,0.13739130434782612,201,0.22554462368659145,1,circle,True
372,0.0,2498.313471502591,0.17270710059171598,2704.0,0.1590972222222222,385,0.18814533384426735,1,LHS,True
373,0.0,2488.1612903225805,0.35832217759928603,2241.0,0.20608974358974363,247,0.16157259287235506,1,LHS,False
374,0.0,2482.472118959108,0.31501514495889227,2311.0,0.23216216216216215,268,0.14083513412551543,2,LHS,False
375,0.0,2481.938144329897,0.35152211372774267,1741.0,0.24359999999999998,193,0.13137343320786637,2,LHS,False
376,0.0,2490.820652173913,0.21697467488021902,1461.0,0.14398809523809525,183,0.23404852129683715,1,LHS,False
377,0.0,2493.3126684636118,0.16705698672911787,2562.0,0.22524999999999998,370,0.13368097526940992,1,circle,True
378,0.0,2477.9085173501576,0.34175334323922735,2692.0,0.23406249999999998,316,0.1278497600822205,2,LHS,False
379,0.0,2496.4522471910113,0.15196078431372548,2448.0,0.15253378378378377,355,0.209162500694141,2,LHS,True
380,0.0,2488.9372197309417,0.23522527794031597,1709.0,0.19294117647058823,222,0.1533997256542545,2,LHS,False
381,0.0,2476.627450980392,0.07692307692307693,637.0,0.10812499999999999,101,0.23622125790459875,1,circle,True
382,0.0,2491.929503916449,0.1310847067842085,2609.0,0.14441011235955056,382,0.23465686631837188,1,LHS,True
383,0.0,2498.7519083969464,0.11667648791985857,1697.0,0.13694444444444442,261,0.20833793938269635,2,LHS,False
384,0.0,2480.1031746031745,0.08290816326530612,784.0,0.1559259259259259,125,0.21501470040709336,1,circle,False
385,0.0,2457.3811475409834,0.4859392575928009,2667.0,0.21894230769230769,243,0.10897526198566194,2,LHS,True
386,0.0,2491.101604278075,0.13375295043273014,2542.0,0.14925,373,0.1883289596308222,2,LHS,False
387,0.0,2488.324324324324,0.07291666666666667,1632.0,0.12484375,258,0.2446107812464908,1,circle,True
388,0.0,2488.5707762557076,0.17635782747603834,1565.0,0.20710937499999998,218,0.1438195207028399,2,circle,True
389,0.0,2483.4429824561403,0.05956552207428171,1427.0,0.11750000000000002,227,0.24127931226323848,2,circle,False
390,0.0,2488.7540453074434,0.08054027013506754,1999.0,0.14840579710144927,308,0.2226985941315141,1,circle,True
391,0.0,2499.996153846154,0.1395617070357555,1734.0,0.13056451612903228,259,0.24002729928707917,2,LHS,False
392,0.0,2463.201612903226,0.21810699588477367,972.0,0.26203125,123,0.12545308517647114,2,circle,True
393,0.0,2498.52688172043,0.22895622895622897,2079.0,0.16544117647058826,278,0.18578672893248072,1,LHS,False
394,0.0,2485.649805447471,0.27895667550839964,2262.0,0.24632352941176472,256,0.13616837590450814,2,LHS,False
395,0.0,2478.7402597402597,0.3121969414397613,2681.0,0.24680232558139537,307,0.14101486385904044,2,LHS,True
396,0.0,2474.960975609756,0.20897521768251842,1493.0,0.1953125,204,0.16069997669363578,2,LHS,False
397,0.0,2481.760563380282,0.13353413654618473,996.0,0.1956,141,0.17472042103781787,1,circle,True
398,0.0,2494.990990990991,0.08732001857872736,2153.0,0.18324074074074076,332,0.16240587530445577,2,circle,True
399,0.0,2471.11801242236,0.18793706293706294,1144.0,0.15392857142857141,160,0.2232623477675408,2,LHS,True
400,0.0,2489.3293172690765,0.057350032959789056,1517.0,0.13649122807017544,248,0.22893031628129312,1,circle,True
401,0.0,2465.9303278688526,0.2772904483430799,2052.0,0.20396341463414633,243,0.1709383332584019,1,LHS,True
402,0.0,2469.9955947136564,0.18569636135508155,1594.0,0.13846938775510204,226,0.21874668520842894,2,LHS,False
403,0.0,2498.671171171171,0.15151515151515152,1518.0,0.13656862745098042,221,0.23424070750640474,1,LHS,True
404,0.0,2476.288043478261,0.34648581997533906,1622.0,0.3319736842105263,183,0.10031981310299658,1,circle,False
405,0.0,2477.7281553398057,0.165860400829302,1447.0,0.24241071428571428,205,0.1343268437137869,2,circle,False
406,0.0,2493.852140077821,0.13753581661891118,1745.0,0.13219827586206895,256,0.22941148498211014,2,LHS,False
407,0.0,2487.0028985507247,0.22301587301587303,2520.0,0.262875,344,0.11494503367540752,1,circle,True
408,0.0,2477.6442953020132,0.06762295081967214,976.0,0.148984375,148,0.21020482507509247,1,circle,True
409,0.0,2495.7651821862346,0.28665723715228664,2121.0,0.21162162162162163,246,0.15120133503841643,1,LHS,True
410,0.0,2471.253012048193,0.208992506244796,1201.0,0.1411029411764706,165,0.20855707099825266,2,LHS,False
411,0.0,2461.288888888889,0.2523297491039427,1395.0,0.27212500000000006,179,0.10980522900225545,1,circle,False
412,0.0,2476.390909090909,0.17843388960205392,1558.0,0.27413793103448275,219,0.1319561232957838,2,circle,True
413,0.0,2493.375350140056,0.19654088050314467,2544.0,0.16534615384615386,356,0.18511817108090012,1,LHS,True
414,0.0,2433.060773480663,0.3730255164034022,1646.0,0.21970000000000003,180,0.14284456091572967,1,LHS,True
415,0.0,2292.781954887218,0.5175097276264592,1542.0,0.3003571428571429,132,0.10936040445833285,1,LHS,False
416,0.0,2486.96449704142,0.18196788801976121,2429.0,0.21188888888888885,337,0.13060422596016313,1,circle,True
417,0.0,2485.099150141643,0.07845744680851063,2256.0,0.13453947368421051,352,0.21389129581544386,2,circle,False
418,0.0,2485.304568527919,0.11208967173738991,1249.0,0.1505,196,0.2020097059384913,2,circle,False
419,0.0,2474.718487394958,0.17618469015795868,1646.0,0.12273148148148148,237,0.23183680925540537,1,LHS,True
420,0.0,2493.455252918288,0.23245167853509666,1966.0,0.16625000000000004,256,0.17233374502571552,1,LHS,False
421,0.0,2448.490740740741,0.34168336673346694,998.0,0.20355263157894737,107,0.18218909766573152,2,LHS,True
422,0.0,2494.206718346253,0.10140405616224649,2564.0,0.17075342465753424,386,0.1877876068903031,1,circle,False
423,0.0,2489.155172413793,0.06820682068206821,1818.0,0.130390625,289,0.22118362109054424,2,circle,True
424,0.0,2474.4973544973545,0.28002654280026545,1507.0,0.18333333333333332,188,0.16422987902846203,1,LHS,False
425,0.0,2487.7591240875913,0.3116319444444444,2304.0,0.20151315789473684,273,0.14251536571982928,2,LHS,False
426,0.0,2497.379213483146,0.16708333333333333,2400.0,0.14373188405797102,355,0.19653651307987233,1,LHS,False
427,0.0,2493.102766798419,0.20560253699788583,1892.0,0.18810975609756098,252,0.1644208831068137,2,LHS,False
428,0.0,2494.823880597015,0.12080536912751678,2235.0,0.11503048780487807,334,0.24677856410842205,2,LHS,True
429,0.0,2476.5149253731342,0.17891373801916932,939.0,0.21605263157894739,133,0.13596514528873677,2,circle,False
430,0.0,2486.6198830409357,0.10609585853885528,2149.0,0.16026923076923077,341,0.18783441116424754,2,circle,True
431,0.0,2499.9970414201184,0.10967144840351689,2161.0,0.1230743243243243,337,0.22039147714854734,2,LHS,False
432,0.0,2351.1666666666665,0.2822384428223844,822.0,0.20607142857142854,101,0.14305278873325844,2,LHS,False
433,0.0,2484.0248756218907,0.259391771019678,1677.0,0.17557692307692307,200,0.19775683235437125,1,LHS,False
434,0.0,2489.5575221238937,0.11316397228637413,2165.0,0.17508771929824563,338,0.16652965109682633,1,circle,False
435,0.0,2480.4666666666667,0.08416458852867831,1604.0,0.1456140350877193,254,0.2221868523958902,2,circle,False
436,0.0,2488.5850746268657,0.21273031825795644,2388.0,0.1880882352941176,334,0.1544532913287072,2,LHS,False
437,0.0,2464.123076923077,0.48043782021425246,4294.0,0.29557692307692307,389,0.1009451042703577,1,LHS,False
438,0.0,2483.0445544554455,0.17935943060498222,1405.0,0.15894736842105264,201,0.18957968406009862,1,LHS,False
439,0.0,2470.152406417112,0.25587734241908006,2935.0,0.20504545454545453,373,0.14798024089008505,1,LHS,True
440,0.0,2487.2580645161293,0.14385150812064965,1724.0,0.15872340425531914,247,0.19344848143031923,2,LHS,False
441,0.0,2498.752808988764,0.14505844845908608,1882.0,0.12629310344827585,266,0.2193545436929769,2,LHS,False
442,0.0,2446.059405940594,0.2894894894894895,1665.0,0.2743478260869565,201,0.11288526527831408,1,circle,True
443,0.0,2479.31843575419,0.12225969645868466,1186.0,0.15678571428571428,178,0.19294134386116932,1,circle,False
444,0.0,2481.3868613138684,0.12039045553145336,1844.0,0.18285714285714288,273,0.17846970385898162,1,circle,True
445,0.0,2473.3526448362722,0.20112914608327453,2834.0,0.16390410958904109,396,0.18525689104057935,1,LHS,False
446,0.0,2493.056,0.18552036199095023,884.0,0.2305555555555555,124,0.13822144084840624,2,circle,False
447,0.0,2457.0205479452056,0.3827751196172249,2717.0,0.2550735294117647,291,0.11769778144340219,1,LHS,True
448,0.0,2477.6682464454975,0.1522633744855967,1458.0,0.17050000000000004,210,0.16192107199097008,1,circle,False
449,0.0,2462.9540229885056,0.2161741835147745,1286.0,0.2776315789473685,173,0.1041308643794297,2,circle,True
450,0.0,2493.680981595092,0.08824895494658616,2153.0,0.18522727272727274,325,0.16780610433352872,1,circle,True
451,0.0,2484.4845814977975,0.23977591036414567,1785.0,0.2796296296296296,226,0.11535595366697905,1,circle,True
452,0.0,2493.8327526132402,0.1382925611582626,2003.0,0.1525847457627119,286,0.20793722771923656,1,LHS,False
453,0.0,2468.265671641791,0.348257006151743,2926.0,0.22127659574468087,334,0.14120429359763761,2,LHS,True
454,0.0,2490.676470588235,0.07888040712468193,1965.0,0.1566666666666667,305,0.18580183529719074,1,circle,True
455,0.0,2487.5,0.26956947162426614,2044.0,0.19744444444444445,255,0.1783598956490503,1,LHS,True
456,0.0,2489.9640718562873,0.18421052631578946,1216.0,0.14541666666666664,166,0.21872222998089658,2,LHS,False
457,0.0,2479.270777479893,0.41871657754010694,3740.0,0.3016666666666667,372,0.10499299824061394,1,LHS,False
458,0.0,2482.5675675675675,0.13023782559456398,1766.0,0.16905555555555557,258,0.17185692718388712,1,circle,False
459,0.0,2499.9966777408636,0.13848469643753136,1993.0,0.13461538461538464,300,0.21898471549171056,1,LHS,False
460,0.0,2490.79375,0.12007332722273144,1091.0,0.17374999999999996,159,0.1858885382635434,2,circle,False
461,0.0,2449.301724137931,0.2446927374301676,895.0,0.19197368421052632,115,0.15765347967442167,1,circle,False
462,0.0,2488.7966101694915,0.11244178310046574,1503.0,0.14835106382978724,235,0.19873682328002898,2,circle,False
463,0.0,2493.02371541502,0.08081395348837209,1720.0,0.1344915254237288,252,0.23321027519688292,1,circle,False
464,0.0,2475.26443768997,0.08894117647058823,2125.0,0.14211038961038963,328,0.23596839393606464,2,LHS,False
465,0.0,2472.2783018867926,0.3554309026007139,1961.0,0.22491071428571432,211,0.13444764465805148,1,LHS,True
466,0.0,2473.419014084507,0.3651107594936709,2528.0,0.20128048780487803,283,0.14614743104895297,1,LHS,False
467,0.0,2476.5346153846153,0.17405063291139242,1896.0,0.1638888888888889,259,0.17397074143926544,2,LHS,False
468,0.0,2463.3383685800604,0.4560204953031597,3513.0,0.2676428571428572,330,0.10708336236724611,1,LHS,False
469,0.0,2434.286713286713,0.22748375116063138,1077.0,0.2847222222222222,142,0.12127485189528511,1,circle,True
470,0.0,2490.249230769231,0.05401312468450278,1981.0,0.1332594936708861,324,0.24148703278373962,2,circle,True
471,0.0,2491.9177631578946,0.13180229655516726,2003.0,0.12556338028169012,303,0.23464449467832124,2,LHS,False
472,0.0,2489.3853658536586,0.07260479041916168,1336.0,0.14454545454545456,204,0.2135401623726183,1,circle,False
473,0.0,2485.9261363636365,0.20917573872472783,2572.0,0.2520731707317073,351,0.11474784394822413,2,circle,False
474,0.0,2481.1004784688994,0.2543859649122807,1596.0,0.2829545454545455,208,0.10310202999377238,2,circle,False
475,0.0,2286.4690265486724,0.3369214208826695,929.0,0.26216666666666666,112,0.13420959384146613,1,LHS,False
476,0.0,2499.9959677419356,0.14232673267326731,1616.0,0.1373181818181818,247,0.22416066026998493,2,LHS,False
477,0.0,2494.296918767507,0.13220338983050847,2360.0,0.1310897435897436,356,0.2204703153238627,1,LHS,True
478,0.0,2473.912,0.42334949645654607,2681.0,0.28794642857142855,249,0.11608898978084833,2,LHS,True
479,0.0,2484.445714285714,0.30339805825242716,2884.0,0.1655603448275862,349,0.166297172044763,1,LHS,True
480,0.0,2494.5961002785516,0.07610146862483311,2247.0,0.15073717948717946,358,0.2159171418007119,1,circle,False
481,0.0,2479.281081081081,0.1035923141186299,1197.0,0.18879032258064518,184,0.1683279896553795,1,circle,False
482,0.0,2489.087837837838,0.24287652645861602,2211.0,0.18198979591836736,295,0.16711552332774904,1,LHS,True
483,0.0,2423.508474576271,0.13717421124828533,729.0,0.12541666666666668,117,0.20252525390405512,1,circle,False
484,0.0,2480.994301994302,0.09538461538461539,2275.0,0.19584745762711864,350,0.16843136318513713,2,circle,False
485,0.0,2482.3424242424244,0.0831758034026465,2116.0,0.13810000000000003,329,0.22761188752533182,1,circle,True
486,0.0,2484.1111111111113,0.2611464968152866,2041.0,0.1715957446808511,251,0.18879190205275287,2,LHS,False
487,0.0,2493.5534246575344,0.18600299401197604,2672.0,0.2678977272727273,364,0.11924721868600385,1,circle,True
488,0.0,2473.034090909091,0.21023302938196556,1974.0,0.265546875,263,0.12070272438332315,1,circle,False
489,0.0,2468.163636363636,0.05316091954022988,696.0,0.1487,109,0.22405371396284293,1,circle,False
490,0.0,2495.1283783783783,0.2,1100.0,0.13446969696969696,147,0.23098806860374374,2,LHS,False
491,0.0,2491.211267605634,0.10776614310645724,2292.0,0.13493506493506494,354,0.21923989931587043,2,LHS,False
492,0.0,2492.8311688311687,0.2110787172011662,1715.0,0.14101851851851854,230,0.23772854067100224,2,LHS,False
493,0.0,2475.448275862069,0.32939244663382594,3045.0,0.27542682926829265,347,0.11819967390146173,1,LHS,False
494,0.0,2487.8947368421054,0.11634349030470914,1805.0,0.11864285714285713,284,0.24889754525137678,1,LHS,False
495,0.0,2493.4346405228757,0.1614704513727315,2149.0,0.14413043478260873,305,0.22763367265857096,1,LHS,False
496,0.0,2485.612612612613,0.07079646017699115,678.0,0.10574074074074076,110,0.23793802386970747,2,circle,False
497,0.0,2482.776119402985,0.05314480741101901,2051.0,0.13243827160493826,334,0.24091563753259992,2,circle,False
498,0.0,2478.123404255319,0.19789227166276346,1708.0,0.26112068965517243,234,0.11990157605909153,2,circle,True
499,0.0,2477.01055408971,0.3757142857142857,3500.0,0.26226744186046513,378,0.116196779638937,1,LHS,False
500,0.0,2443.290502793296,0.45181347150259066,1930.0,0.2707894736842105,178,0.10950894716454787,2,LHS,False
501,0.0,2489.5167464114834,0.12073863636363637,1408.0,0.2447321428571429,208,0.13256616433938165,2,circle,False
502,0.0,2462.4724137931034,0.36871098053617335,2723.0,0.21692307692307694,289,0.13703296368877715,1,LHS,True
503,0.0,2488.7003058103974,0.06782106782106782,2079.0,0.16049242424242424,326,0.2004825827637814,1,circle,False
504,0.0,2485.507042253521,0.08515406162464986,1785.0,0.1341044776119403,283,0.23552151732229432,2,circle,False
505,0.0,2372.7184466019417,0.2850061957868649,807.0,0.12142857142857144,102,0.2132014708932396,1,LHS,False
506,0.0,2480.015748031496,0.2726387536514119,1027.0,0.1890909090909091,126,0.17900781941432925,2,LHS,False
507,0.0,2480.4541832669324,0.34986595174262736,2238.0,0.20190789473684206,250,0.1557294212220801,2,LHS,True
508,0.0,2493.5066666666667,0.16889312977099236,2096.0,0.1570338983050847,299,0.20058068111284902,2,LHS,False
509,0.0,2495.89378238342,0.1705315733143061,2803.0,0.2595,385,0.14196030180139302,1,circle,True
510,0.0,2471.5,0.06614447345517842,1149.0,0.13642045454545457,183,0.23995663934440203,1,circle,False
511,0.0,2481.4270557029176,0.07944514501891552,2379.0,0.17420454545454547,376,0.17422027445974142,1,circle,False
512,0.0,2499.9963235294117,0.05756276791181874,1633.0,0.11392307692307692,271,0.2368176568560723,2,circle,False
513,0.0,2443.7272727272725,0.5501587301587302,3150.0,0.31822916666666673,241,0.10000457173225118,1,LHS,True
514,0.0,2488.266968325792,0.07719546742209632,1412.0,0.1443877551020408,220,0.22137702147544086,2,circle,True
515,0.0,2473.8394160583944,0.35641130684145844,2441.0,0.2132142857142857,273,0.12929750035565576,2,LHS,True
516,0.0,2480.7159420289854,0.07082025997310623,2231.0,0.16079861111111113,344,0.2091416193963369,2,circle,False
517,0.0,2489.328173374613,0.18119364534134821,2329.0,0.1348376623376623,322,0.24187152625635658,1,LHS,True
518,0.0,2483.5382653061224,0.127063339731286,2605.0,0.21745762711864408,391,0.14870508389162126,1,circle,True
519,0.0,2497.6521739130435,0.19319022945965952,1351.0,0.14736842105263157,183,0.209537208726651,1,LHS,False
520,0.0,2391.5078125,0.33687002652519893,1131.0,0.32500000000000007,127,0.1071205064320401,1,circle,False
521,0.0,2494.072192513369,0.1561051004636785,2588.0,0.21706896551724136,373,0.1533137019161932,2,circle,False
522,0.0,2498.972899728997,0.166156202143951,2612.0,0.133422619047619,368,0.22870805273235523,1,LHS,True
523,0.0,2495.507692307692,0.1252864782276547,1309.0,0.1837162162162162,194,0.18979169820051411,1,circle,False
524,0.0,2451.6319018404906,0.2586844050258684,1353.0,0.1666935483870968,162,0.1943508455312251,1,LHS,True
525,0.0,2476.8870292887027,0.142603550295858,1690.0,0.20648809523809522,238,0.1727708805335219,1,circle,False
526,0.0,2477.44140625,0.14507772020725387,1737.0,0.14364754098360658,255,0.24224314494986787,2,LHS,True
527,0.0,2496.284671532847,0.12745098039215685,918.0,0.14822916666666666,136,0.17318817216859375,2,circle,False
528,0.0,2494.0597826086955,0.27137042062415195,1474.0,0.17174242424242425,183,0.18497394610134815,2,LHS,True
529,0.0,2486.048387096774,0.21753986332574032,1756.0,0.1504591836734694,247,0.20218520737664353,2,LHS,True
530,0.0,2427.3714285714286,0.3246471226927253,921.0,0.155875,104,0.1978727033243564,1,LHS,False
531,0.0,2444.504761904762,0.21139240506329113,790.0,0.21233333333333335,104,0.13741282305687919,2,circle,False
532,0.0,2499.9936305732485,0.19304347826086957,1150.0,0.24227272727272728,156,0.13973175985742003,2,circle,False
533,0.0,2484.9945945945947,0.21366594360086769,2766.0,0.18551587301587302,369,0.17291748972622484,1,LHS,False
534,0.0,2435.972222222222,0.3524416135881104,942.0,0.2875,107,0.1126858972209181,1,circle,False
535,0.0,2480.285714285714,0.23800131492439186,1521.0,0.22431034482758622,202,0.14582665129673061,2,LHS,False
536,0.0,2495.3350253807107,0.06168831168831169,1232.0,0.1458695652173913,196,0.23440715957021618,1,circle,True
537,0.0,2469.6878612716764,0.22727272727272727,1298.0,0.17640625000000001,172,0.18949489943491712,2,LHS,False
538,0.0,2490.8916083916083,0.16590096988259315,1959.0,0.16125000000000003,285,0.19251737019778126,2,LHS,False
539,0.0,2497.2792792792793,0.10261569416498995,1491.0,0.20743243243243242,221,0.16438483198575443,2,circle,False
540,0.0,2471.0843373493976,0.3165537270087125,2066.0,0.19276315789473686,248,0.15477909511882249,1,LHS,True
541,0.0,2496.8831908831908,0.062265917602996254,2136.0,0.13475609756097562,350,0.23225502530894004,1,circle,False
542,0.0,2482.5871794871796,0.06129955046996322,2447.0,0.13402298850574712,389,0.2215002070981535,2,circle,False
543,0.0,2485.5575757575757,0.2513247539742619,1321.0,0.21218749999999997,164,0.1450497387121515,1,circle,False
544,0.0,2469.4621848739494,0.1886904761904762,1680.0,0.200390625,237,0.13180841340024668,1,circle,False
545,0.0,2495.2253086419755,0.20066061106523533,2422.0,0.15057692307692308,323,0.20412376433941432,2,LHS,True
546,0.0,2499.9972899728996,0.12875,2400.0,0.12704268292682927,368,0.22284219401674624,2,LHS,True
547,0.0,2287.7964601769913,0.5003903200624512,1281.0,0.3565909090909091,112,0.10441648752832787,2,LHS,False
548,0.0,2484.705,0.18082481494536481,2837.0,0.18692307692307691,399,0.16316645270046387,2,LHS,True
549,0.0,2483.0,0.2545697726259474,2243.0,0.2811666666666667,279,0.1050533080345419,2,circle,True
550,0.0,2492.901554404145,0.17905529110216037,2731.0,0.15267123287671233,385,0.18964946728123494,1,LHS,True
551,0.0,2485.5945945945946,0.1959924859110833,1597.0,0.24766666666666667,221,0.13524373156496616,2,circle,False
552,0.0,2398.147239263804,0.33284564740307243,1367.0,0.21822916666666667,162,0.14916187182106377,1,LHS,True
553,0.0,2486.2579617834394,0.28331332533013204,2499.0,0.2043229166666667,313,0.15602578877392065,2,LHS,True
554,0.0,2496.0877659574467,0.06763872012960713,2469.0,0.13632530120481928,375,0.22026982363328884,1,circle,True
555,0.0,2495.4634146341464,0.1848281642917016,2386.0,0.17707627118644065,327,0.18137569237685847,2,LHS,False
556,0.0,2495.3866666666668,0.08857615894039735,2416.0,0.1328888888888889,374,0.24167524724745482,1,LHS,True
557,0.0,2499.9962962962964,0.13111986494091166,1777.0,0.15952586206896555,269,0.218399000140238,2,LHS,True
558,0.0,2484.2558139534885,0.06443514644351464,2390.0,0.12736842105263155,386,0.24391274885493294,2,circle,False
559,0.0,2488.0848484848484,0.2781954887218045,2660.0,0.2109659090909091,329,0.1359711644090718,1,LHS,True
560,0.0,2445.2533333333336,0.3373860182370821,1316.0,0.22102272727272732,149,0.15225867400827103,2,LHS,True
561,0.0,2471.0394736842104,0.25566849100860045,1279.0,0.2515,151,0.12895037346630767,1,circle,True
562,0.0,2424.5233644859813,0.4789053591790194,3508.0,0.292421875,320,0.10003518002371639,1,LHS,False
563,0.0,2478.0971867007675,0.12972341254382547,2567.0,0.14144927536231883,390,0.1759465559572131,1,circle,False
564,0.0,2465.5263157894738,0.1493570722057369,1011.0,0.16428571428571428,151,0.18207794126348964,1,circle,True
565,0.0,2417.422018348624,0.381957773512476,1042.0,0.35659090909090907,108,0.10151321638613475,2,circle,False
566,0.0,2453.9656160458453,0.37989515880357694,3243.0,0.3002702702702702,348,0.1077094156304499,2,LHS,True
567,0.0,2481.2413793103447,0.19379115710253997,1063.0,0.12189393939393939,144,0.2352255207213772,1,LHS,True
568,0.0,2431.7080745341614,0.40941792020928713,1529.0,0.23737500000000003,160,0.12831127484257085,2,LHS,True
569,0.0,2492.830065359477,0.05112154407929056,1917.0,0.13616438356164384,305,0.23892882799611806,2,circle,True
570,0.0,2495.0051413881747,0.13004484304932734,2676.0,0.18852272727272726,388,0.1693529667672815,2,circle,True
571,0.0,2492.791044776119,0.05474171164225135,1297.0,0.1401086956521739,200,0.2289916743486755,1,circle,False
572,0.0,2499.9973753280838,0.19145049324077457,2737.0,0.1551602564102564,380,0.2059529334572044,2,LHS,True
573,0.0,2482.5384615384614,0.08743169398907104,732.0,0.1229310344827586,116,0.24448791698333536,2,circle,True
574,0.0,2491.5552763819096,0.08218654434250765,2616.0,0.14502906976744187,397,0.21621118546107732,2,circle,True
575,0.0,2467.194805194805,0.3561643835616438,2774.0,0.23828947368421052,307,0.12506510812313082,2,LHS,False
576,0.0,2474.8223684210525,0.2428087986463621,1182.0,0.13649999999999998,151,0.23664081372821727,1,LHS,False
577,0.0,2477.6446280991736,0.18728323699421964,865.0,0.1351785714285714,120,0.2393856878384224,2,LHS,True
578,0.0,2491.2,0.06788990825688074,2180.0,0.13068181818181818,344,0.2220881628388114,1,circle,False
579,0.0,2484.324324324324,0.15911193339500462,1081.0,0.2242045454545454,147,0.14597085541850452,2,circle,False
580,0.0,2485.4269005847955,0.33598146309169147,3021.0,0.24468085106382984,341,0.13901422484494289,2,LHS,True
581,0.0,2308.1603773584907,0.517557251908397,1310.0,0.2726923076923077,105,0.13064257766954046,1,LHS,False
582,0.0,2499.993006993007,0.18525703200775945,1031.0,0.16125,142,0.1518100664431835,2,circle,False
583,0.0,2488.5077399380807,0.1507537688442211,2189.0,0.21197115384615386,322,0.16087547912456698,1,circle,True
584,0.0,2494.0566801619434,0.20965971459934138,1822.0,0.16436046511627908,246,0.17776104437325585,1,LHS,False
585,0.0,2495.6024464831803,0.12155963302752294,2180.0,0.11679012345679013,326,0.24910493814799672,1,LHS,False
586,0.0,2484.206106870229,0.07670338637290902,2451.0,0.1226578947368421,392,0.2416867343288876,1,circle,True
587,0.0,2488.2616033755276,0.06575342465753424,1460.0,0.16489361702127658,236,0.1980473239832178,1,circle,True
588,0.0,2490.2738589211617,0.13667711598746082,1595.0,0.1305769230769231,240,0.21795240931793,2,LHS,True
589,0.0,2477.1372549019607,0.387251542152159,2918.0,0.25735294117647056,305,0.11398431971637328,2,LHS,True
590,0.0,2488.4581673306775,0.17832957110609482,1772.0,0.22757352941176467,250,0.13469300657643604,2,circle,True
591,0.0,2444.626865671642,0.26456542502387775,1047.0,0.26216666666666666,133,0.11135010045223101,2,circle,False
592,0.0,2490.3424242424244,0.04584819154355578,1963.0,0.11715189873417721,329,0.23729055243641267,2,circle,False
593,0.0,2483.12462006079,0.0716403162055336,2024.0,0.12826666666666667,328,0.2267031192574486,2,circle,True
594,0.0,2468.0260223048326,0.052976190476190475,1680.0,0.11885245901639344,268,0.2275341582513523,1,circle,True
595,0.0,2485.195767195767,0.05474764756201882,1169.0,0.14737804878048782,188,0.21328585359756863,2,circle,False
596,0.0,2498.6129032258063,0.2195929957406531,2113.0,0.1836734693877551,278,0.17836484982114537,1,LHS,False
597,0.0,2495.268292682927,0.19095697980684812,2278.0,0.19069444444444444,327,0.1667699436355745,1,LHS,True
598,0.0,2488.936102236422,0.1257455268389662,2012.0,0.1245608108108108,312,0.23896105929347555,1,LHS,False
599,0.0,2490.874125874126,0.11586638830897704,958.0,0.13199999999999998,142,0.2468629042933883,2,LHS,True
600,0.0,2482.2261904761904,0.07551919446192575,1589.0,0.16056603773584904,251,0.2096164752899316,1,circle,False
601,0.0,2479.5817174515237,0.14518096787311915,2459.0,0.25608695652173913,360,0.12527369293894805,2,circle,True
602,0.0,2476.3333333333335,0.3862793572311496,1618.0,0.1967391304347826,173,0.13351795560041135,2,LHS,False
603,0.0,2496.8635170603675,0.14302015975656143,2629.0,0.12839887640449438,380,0.2364437050047304,2,LHS,True
604,0.0,2479.728888888889,0.23125357756153406,1747.0,0.18205128205128204,224,0.17848960605451084,2,LHS,True
605,0.0,2498.1481481481483,0.12670872765509988,1902.0,0.19552083333333334,269,0.1752848040948715,2,circle,False
606,0.0,2499.9920634920636,0.08591885441527446,838.0,0.1549193548387097,125,0.24721080779607213,1,circle,True
607,0.0,2497.635057471264,0.1310615989515072,2289.0,0.14707142857142855,347,0.20265768461501377,2,LHS,True
608,0.0,2477.972307692308,0.11600378787878787,2112.0,0.2011764705882353,324,0.15505086695509684,1,circle,False
609,0.0,2493.367952522255,0.0814419225634179,2247.0,0.14756944444444445,336,0.21209890105100326,2,circle,True
610,0.0,2492.1779448621555,0.1570003694126339,2707.0,0.16882142857142857,398,0.1773096197384659,1,LHS,False
611,0.0,2421.902077151335,0.5199198195940867,3991.0,0.30926470588235294,336,0.1018361618812728,1,LHS,True
612,0.0,2488.4671532846714,0.13557540725170783,1903.0,0.15745098039215685,273,0.18516555905122978,1,circle,True
613,0.0,2411.425925925926,0.39387956564659427,1013.0,0.20625,107,0.15656258005960447,2,LHS,True
614,0.0,2499.9901960784314,0.11213517665130568,651.0,0.1863235294117647,101,0.16045652860703075,2,circle,False
615,0.0,2473.5245901639346,0.10274669379450661,1966.0,0.1905612244897959,304,0.15954162420687595,1,circle,True
616,0.0,2477.6206896551726,0.18020417221482468,2253.0,0.2497560975609756,318,0.1274577465904553,2,circle,False
617,0.0,2480.844155844156,0.18873239436619718,1775.0,0.14455882352941177,230,0.22223540333513042,1,LHS,True
618,0.0,2498.0755813953488,0.10695187165775401,1122.0,0.1890322580645162,171,0.17611829011100394,1,circle,True
619,0.0,2473.5510752688174,0.14274095160634404,2459.0,0.20544642857142856,371,0.14838473867765134,1,circle,False
620,0.0,2405.433962264151,0.19433719433719435,777.0,0.15809523809523807,105,0.20344559868616113,1,LHS,True
621,0.0,2261.503759398496,0.5079037800687285,1455.0,0.3046428571428571,132,0.11281873563378383,1,LHS,True
622,0.0,2481.864768683274,0.3951492537313433,2680.0,0.2045,280,0.14453133953964428,1,LHS,False
623,0.0,2475.705314009662,0.15767045454545456,1408.0,0.21399999999999997,206,0.14202301948061893,2,circle,False
624,0.0,2488.7135416666665,0.2419300033978933,2943.0,0.19380952380952382,383,0.16500949849093188,1,LHS,True
625,0.0,2490.522613065327,0.1569767441860465,1376.0,0.22732758620689655,198,0.14573826519320518,1,circle,False
626,0.0,2493.685878962536,0.17729329494035376,2431.0,0.1611153846153846,346,0.1904469351604291,2,LHS,True
627,0.0,2468.6423611111113,0.23203194321206744,2254.0,0.2956428571428571,287,0.12089000715293366,2,circle,False
628,0.0,2480.3875968992247,0.05113636363636364,880.0,0.15693548387096773,128,0.23591244696711006,2,circle,True
629,0.0,2491.5633187772924,0.2596100278551532,1795.0,0.1575,228,0.19625198304020913,1,LHS,True
630,0.0,2491.5438596491226,0.1833575229801645,2067.0,0.2384868421052631,284,0.13244568688896813,2,circle,True
631,0.0,2470.8093023255815,0.4109985528219971,2073.0,0.2753125,214,0.11544870769701311,2,LHS,True
632,0.0,2488.737160120846,0.07186472522310944,2129.0,0.14763157894736842,330,0.22971934548277861,1,circle,True
633,0.0,2418.8682170542634,0.3333333333333333,1125.0,0.20737499999999995,128,0.15898811236194121,2,LHS,True
634,0.0,2495.9477806788514,0.1690245718540581,2686.0,0.13068181818181818,382,0.2313766061946745,1,LHS,True
635,0.0,2492.3202614379084,0.1524559777571826,2158.0,0.1268918918918919,305,0.24453023311993055,1,LHS,False
636,0.0,2487.306329113924,0.2224102911306703,2954.0,0.17352941176470588,394,0.17335305553503974,2,LHS,True
637,0.0,2482.6823529411763,0.09671532846715329,1096.0,0.11975609756097562,169,0.24109099374900073,1,circle,False
638,0.0,2491.325,0.15491235222176927,2453.0,0.24380208333333334,359,0.13237319620227822,1,circle,False
639,0.0,2482.6685714285713,0.1388653683319221,1181.0,0.15722972972972976,174,0.21161024008383994,2,circle,False
640,0.0,2486.3269754768394,0.19246549794852666,2681.0,0.17439393939393938,366,0.18282719761753274,2,LHS,True
641,0.0,2491.7321428571427,0.1717612809315866,2748.0,0.20990740740740743,391,0.1366633422012662,2,circle,False
642,0.0,2467.6807692307693,0.41301727601446364,2489.0,0.22042857142857142,259,0.13842932330103358,1,LHS,True
643,0.0,2497.9798488664987,0.12683284457478006,2728.0,0.13540229885057473,396,0.22116405245375834,2,LHS,False
644,0.0,2487.253787878788,0.060459492140266025,1654.0,0.13798387096774192,263,0.23417371394017522,2,circle,True
645,0.0,2486.7718832891246,0.16717791411042945,2608.0,0.20574561403508768,376,0.15111154621802764,1,circle,False
646,0.0,2492.1814516129034,0.14444444444444443,1710.0,0.15022727272727274,247,0.2263688463995361,2,LHS,True
647,0.0,2491.85,0.05542725173210162,866.0,0.13727941176470587,139,0.24303264314374964,2,circle,True
648,0.0,2431.0619469026547,0.49186184994045257,2519.0,0.27403846153846156,225,0.11579486327781652,1,LHS,True
649,0.0,2466.8377358490566,0.2580956984050266,2069.0,0.156734693877551,264,0.1868784580973371,1,LHS,False
650,0.0,2486.64263322884,0.0861656294877932,2089.0,0.1606746031746032,318,0.19624897421554305,1,circle,True
651,0.0,2496.7451523545706,0.1960708782742681,2596.0,0.16400793650793644,360,0.1771736049227633,1,LHS,True
652,0.0,2488.6941747572814,0.07896678966789668,1355.0,0.1749404761904762,205,0.20353845073750032,2,circle,True
653,0.0,2495.0055096418732,0.08604954367666232,2301.0,0.14563333333333334,362,0.20592917802400934,1,circle,True
654,0.0,2499.996794871795,0.22754237288135593,2360.0,0.19607142857142862,311,0.15854761586346242,2,LHS,True
655,0.0,2461.346341463415,0.25885885885885884,1665.0,0.23903846153846156,204,0.1259185898331178,1,circle,False
656,0.0,2453.2168674698796,0.5120274914089347,2037.0,0.2872368421052632,165,0.12047084603103214,2,LHS,True
657,0.0,2484.6827309236946,0.1915367483296214,1796.0,0.15367924528301885,248,0.2164933254882421,1,LHS,False
658,0.0,2492.877729257642,0.17558628983764282,1663.0,0.22064516129032258,228,0.1321295777020876,2,circle,True
659,0.0,2484.015345268542,0.08195397658457812,2477.0,0.14905882352941177,390,0.21598903211639828,1,circle,False
660,0.0,2361.8928571428573,0.5462857142857143,1750.0,0.21984374999999998,139,0.1203880481298281,2,LHS,False
661,0.0,2489.5750798722047,0.07790876473603281,1951.0,0.1730327868852459,312,0.19504755921638242,2,circle,True
662,0.0,2364.869918699187,0.36018518518518516,1080.0,0.22703125000000002,122,0.1320132313429175,2,LHS,False
663,0.0,2497.8026905829597,0.19533169533169534,1628.0,0.2155,222,0.15428141356161368,2,circle,False
664,0.0,2470.2536023054754,0.40847410689559677,3611.0,0.28918918918918923,346,0.10800391397592649,2,LHS,False
665,0.0,2306.2571428571428,0.5221948212083847,1622.0,0.33035714285714285,139,0.10312118366303161,2,LHS,False
666,0.0,2477.6733067729083,0.2590113285272915,1942.0,0.2589814814814815,250,0.10659945269865961,1,circle,False
667,0.0,2490.782142857143,0.06435366536094013,1787.0,0.16124999999999998,279,0.21419420569171457,2,circle,True
668,0.0,2467.7703703703705,0.2549203373945642,1067.0,0.17913461538461536,134,0.19909516474457956,1,LHS,True
669,0.0,2468.2821782178216,0.458128078817734,2233.0,0.26704545454545453,201,0.11081128555349287,2,LHS,False
670,0.0,2483.8448979591835,0.1624277456647399,1730.0,0.21757142857142858,244,0.1433310901652672,2,circle,False
671,0.0,2367.151515151515,0.29475982532751094,1374.0,0.2059,164,0.1544049150927232,1,LHS,True
672,0.0,2493.684210526316,0.13615023474178403,2130.0,0.1539772727272727,322,0.20575138287800515,2,LHS,True
673,0.0,2482.0201005025124,0.17816500711237554,2812.0,0.2212735849056604,397,0.1311798470623807,1,circle,False
674,0.0,2435.186335403727,0.3325892857142857,1344.0,0.19115384615384615,160,0.16468418073330165,1,LHS,True
675,0.0,2489.5412541254127,0.18105065666041276,2132.0,0.22243421052631576,302,0.12291234378012561,1,circle,False
676,0.0,2487.5981308411215,0.07654802535348611,2051.0,0.13225694444444447,320,0.222723526005438,1,circle,False
677,0.0,2489.4383561643835,0.14427860696517414,2010.0,0.14840163934426226,291,0.20988742612556222,2,LHS,True
678,0.0,2499.997245179063,0.13441295546558704,2470.0,0.13415730337078652,362,0.24835901016939124,1,LHS,False
679,0.0,2479.3366666666666,0.06075013206550449,1893.0,0.11640845070422534,299,0.23532460556024365,1,circle,True
680,0.0,2475.0674603174602,0.19052687599787121,1879.0,0.2830000000000001,251,0.11592280814749761,1,circle,True
681,0.0,2475.7659574468084,0.16119402985074627,1005.0,0.14075757575757575,140,0.23590067660934594,1,LHS,True
682,0.0,2498.6979166666665,0.17323393681221158,2817.0,0.16340000000000005,383,0.19800293920698897,2,LHS,False
683,0.0,2480.8395721925135,0.081104033970276,2355.0,0.16485074626865673,373,0.1786972767839348,1,circle,True
684,0.0,2482.279069767442,0.07416563658838071,809.0,0.12379310344827589,128,0.22310310273046313,2,circle,True
685,0.0,2494.1934523809523,0.1031021897810219,2192.0,0.12376543209876543,335,0.24369657826581423,2,LHS,False
686,0.0,2494.3088607594937,0.1305025321386833,2567.0,0.14319277108433737,394,0.2129430527193103,2,LHS,True
687,0.0,2482.387573964497,0.1608421052631579,2375.0,0.23905555555555555,337,0.1319439785058967,1,circle,False
688,0.0,2461.568075117371,0.2868435911914173,1771.0,0.28815217391304343,212,0.10532275417031502,1,circle,False
689,0.0,2441.1714285714284,0.29691629955947135,1135.0,0.29921875,139,0.11377510932439927,1,circle,False
690,0.0,2492.1640625,0.05624227441285538,1618.0,0.13077586206896552,255,0.22489557516984987,2,circle,True
691,0.0,2487.872448979592,0.08807045636509207,1249.0,0.12686046511627908,195,0.21945339224453314,1,circle,False
692,0.0,2471.141891891892,0.07597765363128492,895.0,0.12838235294117648,147,0.22624851435466065,1,circle,True
693,0.0,2481.5836431226767,0.2350928641251222,2046.0,0.22156250000000002,268,0.15245835724596288,1,LHS,True
694,0.0,2494.9366754617413,0.12685668406262546,2491.0,0.13392857142857142,378,0.22251872484389817,2,LHS,False
695,0.0,2470.537142857143,0.1984126984126984,1260.0,0.23729166666666668,174,0.13237947699713434,2,circle,True
696,0.0,2481.849431818182,0.07498835584536563,2147.0,0.12125000000000001,351,0.2389396177844385,1,circle,True
697,0.0,2495.7743902439024,0.053465346534653464,1010.0,0.14522058823529413,163,0.20553176464299522,1,circle,True
698,0.0,2480.9411764705883,0.19516945851188158,2567.0,0.17888888888888888,356,0.17922801500174307,1,LHS,False
699,0.0,2479.195335276968,0.1924140655867246,2531.0,0.25934210526315793,342,0.10937044355808073,2,circle,True
